-- phpMyAdmin SQL Dump
-- version 4.7.0
-- https://www.phpmyadmin.net/
--
-- Host: 127.0.0.1
-- Generation Time: 2017-09-16 23:29:07
-- 服务器版本： 10.1.25-MariaDB
-- PHP Version: 5.6.31

SET SQL_MODE = "NO_AUTO_VALUE_ON_ZERO";
SET AUTOCOMMIT = 0;
START TRANSACTION;
SET time_zone = "+00:00";


/*!40101 SET @OLD_CHARACTER_SET_CLIENT=@@CHARACTER_SET_CLIENT */;
/*!40101 SET @OLD_CHARACTER_SET_RESULTS=@@CHARACTER_SET_RESULTS */;
/*!40101 SET @OLD_COLLATION_CONNECTION=@@COLLATION_CONNECTION */;
/*!40101 SET NAMES utf8mb4 */;

--
-- Database: `prpbase`
--

-- --------------------------------------------------------

--
-- 表的结构 `prp_charge`
--

CREATE TABLE `prp_charge` (
  `chargeid` bigint(20) NOT NULL,
  `ownerid` bigint(20) NOT NULL,
  `chargetime` bigint(20) NOT NULL,
  `charge` varchar(32) COLLATE utf8_bin DEFAULT NULL,
  `remark` varchar(256) COLLATE utf8_bin DEFAULT NULL
) ENGINE=InnoDB DEFAULT CHARSET=utf8 COLLATE=utf8_bin;

--
-- 转存表中的数据 `prp_charge`
--

INSERT INTO `prp_charge` (`chargeid`, `ownerid`, `chargetime`, `charge`, `remark`) VALUES
(1227, 2, 1504582160, '2000', '第一季度'),
(1229, 4, 1504582160, '2000', '第一季度'),
(1230, 5, 1504582160, '2000', '第一季度'),
(1231, 6, 1504582160, '2000', '第一季度'),
(1232, 7, 1504582160, '20000', '第一季度'),
(1233, 8, 1504582160, '2000', '第一季度'),
(1234, 9, 1504582160, '2000', '第一季度'),
(1236, 11, 1504582160, '2000', '第一季度'),
(1237, 12, 1504582160, '2000', '第一季度'),
(1238, 13, 1504582160, '2000', '第一季度'),
(1240, 15, 1504582160, '2000', '第四季度'),
(1241, 16, 1504582160, '2000', '第一季度'),
(1243, 18, 1504582160, '2000', '第一季度'),
(1244, 19, 1504582160, '2000', '第一季度'),
(1245, 20, 1504582160, '2000', '第一季度'),
(1246, 21, 1504582160, '2000', '第一季度'),
(1247, 22, 1504582160, '2000', '第一季度'),
(1248, 23, 1504582160, '2000', '第一季度'),
(1249, 24, 1504582160, '2000', '第一季度'),
(1250, 25, 1504582160, '2000', '第一季度'),
(1251, 26, 1504582160, '2000', '第一季度'),
(1252, 27, 1504582160, '2000', '第一季度'),
(1253, 28, 1504582160, '2000', '第一季度'),
(1254, 29, 1504582160, '2000', '第一季度'),
(1255, 30, 1504582160, '2000', '第一季度'),
(1256, 31, 1504582160, '2000', '第一季度'),
(1257, 32, 1504582160, '2000', '第一季度'),
(1258, 33, 1504582160, '2000', '第一季度'),
(1259, 34, 1504582160, '2000', '第一季度'),
(1260, 35, 1504582160, '2000', '第一季度'),
(1261, 36, 1504582160, '2000', '第一季度'),
(1262, 37, 1504582160, '2000', '第一季度'),
(1263, 38, 1504582160, '2000', '第一季度'),
(1264, 39, 1504582160, '2000', '第一季度'),
(1265, 40, 1504582160, '2000', '第一季度'),
(1266, 41, 1504582160, '2000', '第一季度'),
(1267, 42, 1504582160, '2000', '第一季度'),
(1268, 43, 1504582160, '2000', '第一季度'),
(1269, 44, 1504582160, '2000', '第一季度'),
(1270, 45, 1504582160, '2000', '第一季度'),
(1271, 46, 1504582160, '2000', '第一季度'),
(1272, 47, 1504582160, '2000', '第一季度'),
(1273, 48, 1504582160, '2000', '第一季度'),
(1274, 49, 1504582160, '2000', '第一季度'),
(1275, 50, 1504582160, '2000', '第一季度'),
(1276, 51, 1504582160, '2000', '第一季度'),
(1277, 52, 1504582160, '2000', '第一季度'),
(1278, 53, 1504582160, '2000', '第一季度'),
(1279, 54, 1504582160, '2000', '第一季度'),
(1280, 55, 1504582160, '2000', '第一季度'),
(1281, 56, 1504582160, '2000', '第一季度'),
(1282, 57, 1504582160, '2000', '第一季度'),
(1283, 58, 1504582160, '2000', '第一季度'),
(1284, 59, 1504582160, '2000', '第一季度'),
(1285, 60, 1504582160, '2000', '第一季度'),
(1286, 61, 1504582160, '2000', '第一季度'),
(1287, 62, 1504582160, '2000', '第一季度'),
(1288, 63, 1504582160, '2000', '第一季度'),
(1289, 64, 1504582160, '2000', '第一季度'),
(1290, 65, 1504582160, '2000', '第一季度'),
(1291, 66, 1504582160, '2000', '第一季度'),
(1292, 67, 1504582160, '2000', '第一季度'),
(1293, 68, 1504582160, '2000', '第一季度'),
(1294, 69, 1504582160, '2000', '第一季度'),
(1295, 70, 1504582160, '2000', '第一季度'),
(1296, 71, 1504582160, '2000', '第一季度'),
(1297, 72, 1504582160, '2000', '第一季度'),
(1298, 73, 1504582160, '2000', '第一季度'),
(1299, 74, 1504582160, '2000', '第一季度'),
(1300, 75, 1504582160, '2000', '第一季度'),
(1301, 76, 1504582160, '2000', '第一季度'),
(1302, 77, 1504582160, '2000', '第一季度'),
(1303, 78, 1504582160, '2000', '第一季度'),
(1304, 79, 1504582160, '2000', '第一季度'),
(1305, 80, 1504582160, '2000', '第一季度'),
(1306, 81, 1504582160, '2000', '第一季度'),
(1307, 82, 1504582160, '2000', '第一季度'),
(1308, 83, 1504582160, '2000', '第一季度'),
(1309, 84, 1504582160, '2000', '第一季度'),
(1310, 85, 1504582160, '2000', '第一季度'),
(1311, 86, 1504582160, '2000', '第一季度'),
(1312, 87, 1504582160, '2000', '第一季度'),
(1313, 88, 1504582160, '2000', '第一季度'),
(1314, 89, 1504582160, '2000', '第一季度'),
(1315, 90, 1504582160, '2000', '第一季度'),
(1316, 91, 1504582160, '2000', '第一季度'),
(1317, 92, 1504582160, '2000', '第一季度'),
(1318, 93, 1504582160, '2000', '第一季度'),
(1319, 94, 1504582160, '2000', '第一季度'),
(1320, 95, 1504582160, '2000', '第一季度'),
(1321, 96, 1504582160, '2000', '第一季度'),
(1322, 97, 1504582160, '2000', '第一季度'),
(1323, 98, 1504582160, '2000', '第一季度'),
(1324, 99, 1504582160, '2000', '第一季度'),
(1325, 100, 1504582160, '2000', '第一季度'),
(1326, 101, 1504582160, '2000', '第一季度'),
(1327, 102, 1504582160, '2000', '第一季度'),
(1328, 103, 1504582160, '2000', '第一季度'),
(1329, 104, 1504582160, '2000', '第一季度'),
(1330, 105, 1504582160, '2000', '第一季度'),
(1331, 106, 1504582160, '2000', '第一季度'),
(1332, 107, 1504582160, '2000', '第一季度'),
(1333, 108, 1504582160, '2000', '第一季度'),
(1334, 109, 1504582160, '2000', '第一季度'),
(1335, 110, 1504582160, '2000', '第一季度'),
(1336, 111, 1504582160, '2000', '第一季度'),
(1337, 112, 1504582160, '2000', '第一季度'),
(1338, 113, 1504582160, '2000', '第一季度'),
(1339, 114, 1504582160, '2000', '第一季度'),
(1340, 115, 1504582160, '2000', '第一季度'),
(1341, 116, 1504582160, '2000', '第一季度'),
(1342, 117, 1504582160, '2000', '第一季度'),
(1343, 118, 1504582160, '2000', '第一季度'),
(1344, 119, 1504582160, '2000', '第一季度'),
(1345, 120, 1504582160, '2000', '第一季度'),
(1346, 121, 1504582160, '2000', '第一季度'),
(1347, 122, 1504582160, '2000', '第一季度'),
(1348, 123, 1504582160, '2000', '第一季度'),
(1349, 124, 1504582160, '2000', '第一季度'),
(1350, 125, 1504582160, '2000', '第一季度'),
(1351, 126, 1504582160, '2000', '第一季度'),
(1352, 127, 1504582160, '2000', '第一季度'),
(1353, 128, 1504582160, '2000', '第一季度'),
(1354, 129, 1504582160, '2000', '第一季度'),
(1355, 130, 1504582160, '2000', '第一季度'),
(1356, 131, 1504582160, '2000', '第一季度'),
(1357, 132, 1504582160, '2000', '第一季度'),
(1358, 133, 1504582160, '2000', '第一季度'),
(1359, 134, 1504582160, '2000', '第一季度'),
(1360, 135, 1504582160, '2000', '第一季度'),
(1361, 136, 1504582160, '2000', '第一季度'),
(1362, 137, 1504582160, '2000', '第一季度'),
(1363, 138, 1504582160, '2000', '第一季度'),
(1364, 139, 1504582160, '2000', '第一季度'),
(1365, 140, 1504582160, '2000', '第一季度'),
(1366, 141, 1504582160, '2000', '第一季度'),
(1367, 142, 1504582160, '2000', '第一季度'),
(1368, 143, 1504582160, '2000', '第一季度'),
(1369, 144, 1504582160, '2000', '第一季度'),
(1370, 145, 1504582160, '2000', '第一季度'),
(1371, 146, 1504582160, '2000', '第一季度'),
(1372, 147, 1504582160, '2000', '第一季度'),
(1373, 148, 1504582160, '2000', '第一季度'),
(1374, 149, 1504582160, '2000', '第一季度'),
(1375, 150, 1504582160, '2000', '第一季度'),
(1376, 151, 1504582160, '2000', '第一季度'),
(1377, 152, 1504582160, '2000', '第一季度'),
(1378, 153, 1504582160, '2000', '第一季度'),
(1379, 154, 1504582160, '2000', '第一季度'),
(1380, 155, 1504582160, '2000', '第一季度'),
(1381, 156, 1504582160, '2000', '第一季度'),
(1382, 157, 1504582160, '2000', '第一季度'),
(1383, 158, 1504582160, '2000', '第一季度'),
(1384, 159, 1504582160, '2000', '第一季度'),
(1385, 160, 1504582160, '2000', '第一季度'),
(1386, 161, 1504582160, '2000', '第一季度'),
(1387, 162, 1504582160, '2000', '第一季度'),
(1388, 163, 1504582160, '2000', '第一季度'),
(1389, 164, 1504582160, '2000', '第一季度'),
(1390, 165, 1504582160, '2000', '第一季度'),
(1391, 166, 1504582160, '2000', '第一季度'),
(1392, 167, 1504582160, '2000', '第一季度'),
(1393, 168, 1504582160, '2000', '第一季度'),
(1394, 169, 1504582160, '2000', '第一季度'),
(1395, 170, 1504582160, '2000', '第一季度'),
(1396, 171, 1504582160, '2000', '第一季度'),
(1397, 172, 1504582160, '2000', '第一季度'),
(1398, 173, 1504582160, '2000', '第一季度'),
(1399, 174, 1504582160, '2000', '第一季度'),
(1400, 175, 1504582160, '2000', '第一季度'),
(1401, 176, 1504582160, '2000', '第一季度'),
(1402, 177, 1504582160, '2000', '第一季度'),
(1403, 178, 1504582160, '2000', '第一季度'),
(1404, 179, 1504582160, '2000', '第一季度'),
(1405, 180, 1504582160, '2000', '第一季度'),
(1406, 181, 1504582160, '2000', '第一季度'),
(1407, 182, 1504582160, '2000', '第一季度'),
(1408, 183, 1504582160, '2000', '第一季度'),
(1409, 184, 1504582160, '2000', '第一季度'),
(1410, 185, 1504582160, '2000', '第一季度'),
(1411, 186, 1504582160, '2000', '第一季度'),
(1412, 187, 1504582160, '2000', '第一季度'),
(1413, 188, 1504582160, '2000', '第一季度'),
(1414, 189, 1504582160, '2000', '第一季度'),
(1415, 190, 1504582160, '2000', '第一季度'),
(1416, 191, 1504582160, '2000', '第一季度'),
(1417, 192, 1504582160, '2000', '第一季度'),
(1418, 193, 1504582160, '2000', '第一季度'),
(1419, 194, 1504582160, '2000', '第一季度'),
(1420, 195, 1504582160, '2000', '第一季度'),
(1421, 196, 1504582160, '2000', '第一季度'),
(1422, 197, 1504582160, '2000', '第一季度'),
(1423, 198, 1504582160, '2000', '第一季度'),
(1424, 199, 1504582160, '2000', '第一季度'),
(1425, 200, 1504582160, '2000', '第一季度'),
(1426, 201, 1504582160, '2000', '第一季度'),
(1427, 202, 1504582160, '2000', '第一季度'),
(1428, 203, 1504582160, '2000', '第一季度'),
(1429, 204, 1504582160, '2000', '第一季度'),
(1430, 205, 1504582160, '2000', '第一季度'),
(1431, 206, 1504582160, '2000', '第一季度'),
(1432, 207, 1504582160, '2000', '第一季度'),
(1433, 208, 1504582160, '2000', '第一季度'),
(1434, 209, 1504582160, '2000', '第一季度'),
(1435, 210, 1504582160, '2000', '第一季度'),
(1436, 211, 1504582160, '2000', '第一季度'),
(1437, 212, 1504582160, '2000', '第一季度'),
(1438, 213, 1504582160, '2000', '第一季度'),
(1439, 214, 1504582160, '2000', '第一季度'),
(1440, 215, 1504582160, '2000', '第一季度'),
(1441, 216, 1504582160, '2000', '第一季度'),
(1442, 217, 1504582160, '2000', '第一季度'),
(1443, 218, 1504582160, '2000', '第一季度'),
(1444, 219, 1504582160, '2000', '第一季度'),
(1445, 220, 1504582160, '2000', '第一季度'),
(1446, 221, 1504582160, '2000', '第一季度'),
(1447, 222, 1504582160, '2000', '第一季度'),
(1448, 223, 1504582160, '2000', '第一季度'),
(1449, 224, 1504582160, '2000', '第一季度'),
(1450, 225, 1504582160, '2000', '第一季度'),
(1451, 226, 1504582160, '2000', '第一季度'),
(1452, 227, 1504582160, '2000', '第一季度'),
(1453, 228, 1504582160, '2000', '第一季度'),
(1454, 229, 1504582160, '2000', '第一季度'),
(1455, 230, 1504582160, '2000', '第一季度'),
(1456, 231, 1504582160, '2000', '第一季度'),
(1457, 232, 1504582160, '2000', '第一季度'),
(1458, 233, 1504582160, '2000', '第一季度'),
(1459, 234, 1504582160, '2000', '第一季度'),
(1460, 235, 1504582160, '2000', '第一季度'),
(1461, 236, 1504582160, '2000', '第一季度'),
(1462, 237, 1504582160, '2000', '第一季度'),
(1463, 238, 1504582160, '2000', '第一季度'),
(1464, 239, 1504582160, '2000', '第一季度'),
(1465, 240, 1504582160, '2000', '第一季度'),
(1466, 241, 1504582160, '2000', '第一季度'),
(1467, 242, 1504582160, '2000', '第一季度'),
(1468, 243, 1504582160, '2000', '第一季度'),
(1469, 244, 1504582160, '2000', '第一季度'),
(1470, 245, 1504582160, '2000', '第一季度'),
(1471, 246, 1504582160, '2000', '第一季度'),
(1472, 247, 1504582160, '2000', '第一季度'),
(1473, 248, 1504582160, '2000', '第一季度'),
(1474, 249, 1504582160, '2000', '第一季度'),
(1475, 250, 1504582160, '2000', '第一季度'),
(1476, 251, 1504582160, '2000', '第一季度'),
(1477, 252, 1504582160, '2000', '第一季度'),
(1478, 253, 1504582160, '2000', '第一季度'),
(1479, 254, 1504582160, '2000', '第一季度'),
(1480, 255, 1504582160, '2000', '第一季度'),
(1481, 256, 1504582160, '2000', '第一季度'),
(1482, 257, 1504582160, '2000', '第一季度'),
(1483, 258, 1504582160, '2000', '第一季度'),
(1484, 259, 1504582160, '2000', '第一季度'),
(1485, 260, 1504582160, '2000', '第一季度'),
(1486, 261, 1504582160, '2000', '第一季度'),
(1487, 262, 1504582160, '2000', '第一季度'),
(1488, 263, 1504582160, '2000', '第一季度'),
(1489, 264, 1504582160, '2000', '第一季度'),
(1490, 265, 1504582160, '2000', '第一季度'),
(1491, 266, 1504582160, '2000', '第一季度'),
(1492, 267, 1504582160, '2000', '第一季度'),
(1493, 268, 1504582160, '2000', '第一季度'),
(1494, 269, 1504582160, '2000', '第一季度'),
(1495, 270, 1504582160, '2000', '第一季度'),
(1496, 271, 1504582160, '2000', '第一季度'),
(1497, 272, 1504582160, '2000', '第一季度'),
(1498, 273, 1504582160, '2000', '第一季度'),
(1499, 274, 1504582160, '2000', '第一季度'),
(1500, 275, 1504582160, '2000', '第一季度'),
(1501, 276, 1504582160, '2000', '第一季度'),
(1502, 277, 1504582160, '2000', '第一季度'),
(1503, 278, 1504582160, '2000', '第一季度'),
(1504, 279, 1504582160, '2000', '第一季度'),
(1505, 280, 1504582160, '2000', '第一季度'),
(1506, 281, 1504582160, '2000', '第一季度'),
(1507, 282, 1504582160, '2000', '第一季度'),
(1508, 283, 1504582160, '2000', '第一季度'),
(1509, 284, 1504582160, '2000', '第一季度'),
(1510, 285, 1504582160, '2000', '第一季度'),
(1511, 286, 1504582160, '2000', '第一季度'),
(1512, 287, 1504582160, '2000', '第一季度'),
(1513, 288, 1504582160, '2000', '第一季度'),
(1514, 289, 1504582160, '2000', '第一季度'),
(1515, 290, 1504582160, '2000', '第一季度'),
(1516, 291, 1504582160, '2000', '第一季度'),
(1517, 292, 1504582160, '2000', '第一季度'),
(1518, 293, 1504582160, '2000', '第一季度'),
(1519, 294, 1504582160, '2000', '第一季度'),
(1520, 295, 1504582160, '2000', '第一季度'),
(1521, 296, 1504582160, '2000', '第一季度'),
(1522, 297, 1504582160, '2000', '第一季度'),
(1523, 298, 1504582160, '2000', '第一季度'),
(1524, 299, 1504582160, '2000', '第一季度'),
(1525, 300, 1504582160, '2000', '第一季度'),
(1526, 301, 1504582160, '2000', '第一季度'),
(1527, 302, 1504582160, '2000', '第一季度'),
(1528, 303, 1504582160, '2000', '第一季度'),
(1529, 304, 1504582160, '2000', '第一季度'),
(1530, 305, 1504582160, '2000', '第一季度'),
(1531, 306, 1504582160, '2000', '第一季度'),
(1532, 307, 1504582160, '2000', '第一季度'),
(1533, 308, 1504582160, '2000', '第一季度'),
(1534, 309, 1504582160, '2000', '第一季度'),
(1535, 310, 1504582160, '2000', '第一季度'),
(1536, 311, 1504582160, '2000', '第一季度'),
(1537, 312, 1504582160, '2000', '第一季度'),
(1538, 313, 1504582160, '2000', '第一季度'),
(1539, 314, 1504582160, '2000', '第一季度'),
(1540, 315, 1504582160, '2000', '第一季度'),
(1541, 316, 1504582160, '2000', '第一季度'),
(1542, 317, 1504582160, '2000', '第一季度'),
(1543, 318, 1504582160, '2000', '第一季度'),
(1544, 319, 1504582160, '2000', '第一季度'),
(1545, 320, 1504582160, '2000', '第一季度'),
(1546, 321, 1504582160, '2000', '第一季度'),
(1547, 322, 1504582160, '2000', '第一季度'),
(1548, 323, 1504582160, '2000', '第一季度'),
(1549, 324, 1504582160, '2000', '第一季度'),
(1550, 325, 1504582160, '2000', '第一季度'),
(1551, 326, 1504582160, '2000', '第一季度'),
(1552, 327, 1504582160, '2000', '第一季度'),
(1553, 328, 1504582160, '2000', '第一季度'),
(1554, 329, 1504582160, '2000', '第一季度'),
(1555, 330, 1504582160, '2000', '第一季度'),
(1556, 331, 1504582160, '2000', '第一季度'),
(1557, 332, 1504582160, '2000', '第一季度'),
(1558, 333, 1504582160, '2000', '第一季度'),
(1559, 334, 1504582160, '2000', '第一季度'),
(1560, 335, 1504582160, '2000', '第一季度'),
(1561, 336, 1504582160, '2000', '第一季度'),
(1562, 337, 1504582160, '2000', '第一季度'),
(1563, 338, 1504582160, '2000', '第一季度'),
(1564, 339, 1504582160, '2000', '第一季度'),
(1565, 340, 1504582160, '2000', '第一季度'),
(1566, 341, 1504582160, '2000', '第一季度'),
(1567, 342, 1504582160, '2000', '第一季度'),
(1568, 343, 1504582160, '2000', '第一季度'),
(1569, 344, 1504582160, '2000', '第一季度'),
(1570, 345, 1504582160, '2000', '第一季度'),
(1571, 346, 1504582160, '2000', '第一季度'),
(1572, 347, 1504582160, '2000', '第一季度'),
(1573, 348, 1504582160, '2000', '第一季度'),
(1574, 349, 1504582160, '2000', '第一季度'),
(1575, 350, 1504582160, '2000', '第一季度'),
(1576, 351, 1504582160, '2000', '第一季度'),
(1577, 352, 1504582160, '2000', '第一季度'),
(1578, 353, 1504582160, '2000', '第一季度'),
(1579, 354, 1504582160, '2000', '第一季度'),
(1580, 355, 1504582160, '2000', '第一季度'),
(1581, 356, 1504582160, '2000', '第一季度'),
(1582, 357, 1504582160, '2000', '第一季度'),
(1583, 358, 1504582160, '2000', '第一季度'),
(1584, 359, 1504582160, '2000', '第一季度'),
(1585, 360, 1504582160, '2000', '第一季度'),
(1586, 361, 1504582160, '2000', '第一季度'),
(1587, 362, 1504582160, '2000', '第一季度'),
(1588, 363, 1504582160, '2000', '第一季度'),
(1589, 364, 1504582160, '2000', '第一季度'),
(1590, 365, 1504582160, '2000', '第一季度'),
(1591, 366, 1504582160, '2000', '第一季度'),
(1592, 367, 1504582160, '2000', '第一季度'),
(1593, 368, 1504582160, '2000', '第一季度'),
(1594, 369, 1504582160, '2000', '第一季度'),
(1595, 370, 1504582160, '2000', '第一季度'),
(1596, 371, 1504582160, '2000', '第一季度'),
(1597, 372, 1504582160, '2000', '第一季度'),
(1598, 373, 1504582160, '2000', '第一季度'),
(1599, 374, 1504582160, '2000', '第一季度'),
(1600, 375, 1504582160, '2000', '第一季度'),
(1601, 376, 1504582160, '2000', '第一季度'),
(1602, 377, 1504582160, '2000', '第一季度'),
(1603, 378, 1504582160, '2000', '第一季度'),
(1604, 379, 1504582160, '2000', '第一季度'),
(1605, 380, 1504582160, '2000', '第一季度'),
(1606, 381, 1504582160, '2000', '第一季度'),
(1607, 382, 1504582160, '2000', '第一季度'),
(1608, 383, 1504582160, '2000', '第一季度'),
(1609, 384, 1504582160, '2000', '第一季度'),
(1610, 385, 1504582160, '2000', '第一季度'),
(1611, 386, 1504582160, '2000', '第一季度'),
(1612, 387, 1504582160, '2000', '第一季度'),
(1613, 388, 1504582160, '2000', '第一季度'),
(1614, 389, 1504582160, '2000', '第一季度'),
(1615, 390, 1504582160, '2000', '第一季度'),
(1616, 391, 1504582160, '2000', '第一季度'),
(1617, 392, 1504582160, '2000', '第一季度'),
(1618, 393, 1504582160, '2000', '第一季度'),
(1619, 394, 1504582160, '2000', '第一季度'),
(1620, 395, 1504582160, '2000', '第一季度'),
(1621, 396, 1504582160, '2000', '第一季度'),
(1622, 397, 1504582160, '2000', '第一季度'),
(1623, 398, 1504582160, '2000', '第一季度'),
(1624, 399, 1504582160, '2000', '第一季度'),
(1625, 400, 1504582160, '2000', '第一季度'),
(1626, 401, 1504582160, '2000', '第一季度'),
(1627, 402, 1504582160, '2000', '第一季度'),
(1628, 403, 1504582160, '2000', '第一季度'),
(1629, 404, 1504582160, '2000', '第一季度'),
(1630, 405, 1504582160, '2000', '第一季度'),
(1631, 406, 1504582160, '2000', '第一季度'),
(1632, 407, 1504582160, '2000', '第一季度'),
(1633, 408, 1504582160, '2000', '第一季度'),
(1634, 409, 1504582160, '2000', '第一季度'),
(1635, 410, 1504582160, '2000', '第一季度'),
(1636, 411, 1504582160, '2000', '第一季度'),
(1637, 412, 1504582160, '2000', '第一季度'),
(1638, 413, 1504582160, '2000', '第一季度'),
(1639, 414, 1504582160, '2000', '第一季度'),
(1640, 415, 1504582160, '2000', '第一季度'),
(1641, 416, 1504582160, '2000', '第一季度'),
(1642, 417, 1504582160, '2000', '第一季度'),
(1643, 418, 1504582160, '2000', '第一季度'),
(1644, 419, 1504582160, '2000', '第一季度'),
(1645, 420, 1504582160, '2000', '第一季度'),
(1646, 421, 1504582160, '2000', '第一季度'),
(1647, 422, 1504582160, '2000', '第一季度'),
(1648, 423, 1504582160, '2000', '第一季度'),
(1649, 424, 1504582160, '2000', '第一季度'),
(1650, 425, 1504582160, '2000', '第一季度'),
(1651, 426, 1504582160, '2000', '第一季度'),
(1652, 427, 1504582160, '2000', '第一季度'),
(1653, 428, 1504582160, '2000', '第一季度'),
(1654, 429, 1504582160, '2000', '第一季度'),
(1655, 430, 1504582160, '2000', '第一季度'),
(1656, 431, 1504582160, '2000', '第一季度'),
(1657, 432, 1504582160, '2000', '第一季度'),
(1658, 433, 1504582160, '2000', '第一季度'),
(1659, 434, 1504582160, '2000', '第一季度'),
(1660, 435, 1504582160, '2000', '第一季度'),
(1661, 436, 1504582160, '2000', '第一季度'),
(1662, 437, 1504582160, '2000', '第一季度'),
(1663, 438, 1504582160, '2000', '第一季度'),
(1664, 439, 1504582160, '2000', '第一季度'),
(1665, 440, 1504582160, '2000', '第一季度'),
(1666, 441, 1504582160, '2000', '第一季度'),
(1667, 442, 1504582160, '2000', '第一季度'),
(1668, 443, 1504582160, '2000', '第一季度'),
(1669, 444, 1504582160, '2000', '第一季度'),
(1670, 445, 1504582160, '2000', '第一季度'),
(1671, 446, 1504582160, '2000', '第一季度'),
(1672, 447, 1504582160, '2000', '第一季度'),
(1673, 448, 1504582160, '2000', '第一季度'),
(1674, 449, 1504582160, '2000', '第一季度'),
(1675, 450, 1504582160, '2000', '第一季度'),
(1676, 451, 1504582160, '2000', '第一季度'),
(1677, 452, 1504582160, '2000', '第一季度'),
(1678, 453, 1504582160, '2000', '第一季度'),
(1679, 454, 1504582160, '2000', '第一季度'),
(1680, 455, 1504582160, '2000', '第一季度'),
(1681, 456, 1504582160, '2000', '第一季度'),
(1682, 457, 1504582160, '2000', '第一季度'),
(1683, 458, 1504582160, '2000', '第一季度'),
(1684, 459, 1504582160, '2000', '第一季度'),
(1685, 460, 1504582160, '2000', '第一季度'),
(1686, 461, 1504582160, '2000', '第一季度'),
(1687, 462, 1504582160, '2000', '第一季度'),
(1688, 463, 1504582160, '2000', '第一季度'),
(1689, 464, 1504582160, '2000', '第一季度'),
(1690, 465, 1504582160, '2000', '第一季度'),
(1691, 466, 1504582160, '2000', '第一季度'),
(1692, 467, 1504582160, '2000', '第一季度'),
(1693, 468, 1504582160, '2000', '第一季度'),
(1694, 469, 1504582160, '2000', '第一季度'),
(1695, 470, 1504582160, '2000', '第一季度'),
(1696, 471, 1504582160, '2000', '第一季度'),
(1697, 472, 1504582160, '2000', '第一季度'),
(1698, 473, 1504582160, '2000', '第一季度'),
(1699, 474, 1504582160, '2000', '第一季度'),
(1700, 475, 1504582160, '2000', '第一季度'),
(1701, 476, 1504582160, '2000', '第一季度'),
(1702, 477, 1504582160, '2000', '第一季度'),
(1703, 478, 1504582160, '2000', '第一季度'),
(1704, 479, 1504582160, '2000', '第一季度'),
(1705, 480, 1504582160, '2000', '第一季度'),
(1706, 481, 1504582160, '2000', '第一季度'),
(1707, 482, 1504582160, '2000', '第一季度'),
(1708, 483, 1504582160, '2000', '第一季度'),
(1709, 484, 1504582160, '2000', '第一季度'),
(1710, 485, 1504582160, '2000', '第一季度'),
(1711, 486, 1504582160, '2000', '第一季度'),
(1712, 487, 1504582160, '2000', '第一季度'),
(1713, 488, 1504582160, '2000', '第一季度'),
(1714, 489, 1504582160, '2000', '第一季度'),
(1715, 490, 1504582160, '2000', '第一季度'),
(1716, 491, 1504582160, '2000', '第一季度'),
(1717, 492, 1504582160, '2000', '第一季度'),
(1718, 493, 1504582160, '2000', '第一季度'),
(1719, 494, 1504582160, '2000', '第一季度'),
(1720, 495, 1504582160, '2000', '第一季度'),
(1721, 496, 1504582160, '2000', '第一季度'),
(1722, 497, 1504582160, '2000', '第一季度'),
(1723, 498, 1504582160, '2000', '第一季度'),
(1724, 499, 1504582160, '2000', '第一季度'),
(1725, 500, 1504582160, '2000', '第一季度'),
(1726, 501, 1504582160, '2000', '第一季度'),
(1727, 502, 1504582160, '2000', '第一季度'),
(1728, 503, 1504582160, '2000', '第一季度'),
(1729, 504, 1504582160, '2000', '第一季度'),
(1730, 505, 1504582160, '2000', '第一季度'),
(1731, 506, 1504582160, '2000', '第一季度'),
(1732, 507, 1504582160, '2000', '第一季度'),
(1733, 508, 1504582160, '2000', '第一季度'),
(1734, 509, 1504582160, '2000', '第一季度'),
(1735, 510, 1504582160, '2000', '第一季度'),
(1736, 511, 1504582160, '2000', '第一季度'),
(1737, 512, 1504582160, '2000', '第一季度'),
(1738, 513, 1504582160, '2000', '第一季度'),
(1739, 514, 1504582160, '2000', '第一季度'),
(1740, 515, 1504582160, '2000', '第一季度'),
(1741, 516, 1504582160, '2000', '第一季度'),
(1742, 517, 1504582160, '2000', '第一季度'),
(1743, 518, 1504582160, '2000', '第一季度'),
(1744, 519, 1504582160, '2000', '第一季度'),
(1745, 520, 1504582160, '2000', '第一季度'),
(1746, 521, 1504582160, '2000', '第一季度'),
(1747, 522, 1504582160, '2000', '第一季度'),
(1748, 523, 1504582160, '2000', '第一季度'),
(1749, 524, 1504582160, '2000', '第一季度'),
(1750, 525, 1504582160, '2000', '第一季度'),
(1751, 526, 1504582160, '2000', '第一季度'),
(1752, 527, 1504582160, '2000', '第一季度'),
(1753, 528, 1504582160, '2000', '第一季度'),
(1754, 529, 1504582160, '2000', '第一季度'),
(1755, 530, 1504582160, '2000', '第一季度'),
(1756, 531, 1504582160, '2000', '第一季度'),
(1757, 532, 1504582160, '2000', '第一季度'),
(1758, 533, 1504582160, '2000', '第一季度'),
(1759, 534, 1504582160, '2000', '第一季度'),
(1760, 535, 1504582160, '2000', '第一季度'),
(1761, 536, 1504582160, '2000', '第一季度'),
(1762, 537, 1504582160, '2000', '第一季度'),
(1763, 538, 1504582160, '2000', '第一季度'),
(1764, 539, 1504582160, '2000', '第一季度'),
(1765, 540, 1504582160, '2000', '第一季度'),
(1766, 541, 1504582160, '2000', '第一季度'),
(1767, 542, 1504582160, '2000', '第一季度'),
(1768, 543, 1504582160, '2000', '第一季度'),
(1769, 544, 1504582160, '2000', '第一季度'),
(1770, 545, 1504582160, '2000', '第一季度'),
(1771, 546, 1504582160, '2000', '第一季度'),
(1772, 547, 1504582160, '2000', '第一季度'),
(1773, 548, 1504582160, '2000', '第一季度'),
(1774, 549, 1504582160, '2000', '第一季度'),
(1775, 550, 1504582160, '2000', '第一季度'),
(1776, 551, 1504582160, '2000', '第一季度'),
(1777, 552, 1504582160, '2000', '第一季度'),
(1778, 553, 1504582160, '2000', '第一季度'),
(1779, 554, 1504582160, '2000', '第一季度'),
(1780, 555, 1504582160, '2000', '第一季度'),
(1781, 556, 1504582160, '2000', '第一季度'),
(1782, 557, 1504582160, '2000', '第一季度'),
(1783, 558, 1504582160, '2000', '第一季度'),
(1784, 559, 1504582160, '2000', '第一季度'),
(1785, 560, 1504582160, '2000', '第一季度'),
(1786, 561, 1504582160, '2000', '第一季度'),
(1787, 562, 1504582160, '2000', '第一季度'),
(1788, 563, 1504582160, '2000', '第一季度'),
(1789, 564, 1504582160, '2000', '第一季度'),
(1790, 565, 1504582160, '2000', '第一季度'),
(1791, 566, 1504582160, '2000', '第一季度'),
(1792, 567, 1504582160, '2000', '第一季度'),
(1793, 568, 1504582160, '2000', '第一季度'),
(1794, 569, 1504582160, '2000', '第一季度'),
(1795, 570, 1504582160, '2000', '第一季度'),
(1796, 571, 1504582160, '2000', '第一季度'),
(1797, 572, 1504582160, '2000', '第一季度'),
(1798, 573, 1504582160, '2000', '第一季度'),
(1799, 574, 1504582160, '2000', '第一季度'),
(1800, 575, 1504582160, '2000', '第一季度'),
(1801, 576, 1504582160, '2000', '第一季度'),
(1802, 577, 1504582160, '2000', '第一季度'),
(1803, 578, 1504582160, '2000', '第一季度'),
(1804, 579, 1504582160, '2000', '第一季度'),
(1805, 580, 1504582160, '2000', '第一季度'),
(1806, 581, 1504582160, '2000', '第一季度'),
(1807, 582, 1504582160, '2000', '第一季度'),
(1808, 583, 1504582160, '2000', '第一季度'),
(1809, 584, 1504582160, '2000', '第一季度'),
(1810, 585, 1504582160, '2000', '第一季度'),
(1811, 586, 1504582160, '2000', '第一季度'),
(1812, 587, 1504582160, '2000', '第一季度'),
(1813, 588, 1504582160, '2000', '第一季度'),
(1814, 589, 1504582160, '2000', '第一季度'),
(1815, 590, 1504582160, '2000', '第一季度'),
(1816, 591, 1504582160, '2000', '第一季度'),
(1817, 592, 1504582160, '2000', '第一季度'),
(1818, 593, 1504582160, '2000', '第一季度'),
(1819, 594, 1504582160, '2000', '第一季度'),
(1820, 595, 1504582160, '2000', '第一季度'),
(1821, 596, 1504582160, '2000', '第一季度'),
(1822, 597, 1504582160, '2000', '第一季度'),
(1823, 598, 1504582160, '2000', '第一季度'),
(1824, 599, 1504582160, '2000', '第一季度'),
(1825, 600, 1504582160, '2000', '第一季度'),
(1826, 601, 1504582160, '2000', '第一季度'),
(1827, 602, 1504582160, '2000', '第一季度'),
(1828, 603, 1504582160, '2000', '第一季度'),
(1829, 604, 1504582160, '2000', '第一季度'),
(1830, 605, 1504582160, '2000', '第一季度'),
(1831, 606, 1504582160, '2000', '第一季度'),
(1832, 607, 1504582160, '2000', '第一季度'),
(1833, 608, 1504582160, '2000', '第二季度'),
(1841, 667, 1505124864, '2000', '第一季度'),
(1842, 2, 1505186594, '20000', '第3季度'),
(1843, 668, 1505266117, 'aaa', '第一季度');

-- --------------------------------------------------------

--
-- 表的结构 `prp_gender`
--

CREATE TABLE `prp_gender` (
  `genderid` bigint(20) NOT NULL,
  `gender` varchar(16) COLLATE utf8_bin NOT NULL
) ENGINE=InnoDB DEFAULT CHARSET=utf8 COLLATE=utf8_bin;

--
-- 转存表中的数据 `prp_gender`
--

INSERT INTO `prp_gender` (`genderid`, `gender`) VALUES
(1, 'UNKNOWN'),
(2, 'MALE'),
(3, 'FEMALE');

-- --------------------------------------------------------

--
-- 表的结构 `prp_manager`
--

CREATE TABLE `prp_manager` (
  `managerid` int(11) NOT NULL,
  `managername` varchar(32) COLLATE utf8_bin DEFAULT NULL,
  `managerpass` varchar(32) COLLATE utf8_bin DEFAULT NULL
) ENGINE=InnoDB DEFAULT CHARSET=utf8 COLLATE=utf8_bin;

--
-- 转存表中的数据 `prp_manager`
--

INSERT INTO `prp_manager` (`managerid`, `managername`, `managerpass`) VALUES
(1, 'super', '123456');

-- --------------------------------------------------------

--
-- 表的结构 `prp_owner`
--

CREATE TABLE `prp_owner` (
  `ownerid` bigint(20) NOT NULL,
  `time` bigint(20) NOT NULL,
  `telnum` varchar(32) COLLATE utf8_bin NOT NULL,
  `passwd` varchar(32) COLLATE utf8_bin NOT NULL,
  `username` varchar(32) COLLATE utf8_bin DEFAULT NULL,
  `profession` varchar(32) COLLATE utf8_bin DEFAULT NULL,
  `genderid` bigint(20) DEFAULT '1',
  `acreage` varchar(32) COLLATE utf8_bin DEFAULT NULL,
  `population` varchar(32) COLLATE utf8_bin DEFAULT NULL,
  `location` varchar(256) COLLATE utf8_bin DEFAULT NULL
) ENGINE=InnoDB DEFAULT CHARSET=utf8 COLLATE=utf8_bin;

--
-- 转存表中的数据 `prp_owner`
--

INSERT INTO `prp_owner` (`ownerid`, `time`, `telnum`, `passwd`, `username`, `profession`, `genderid`, `acreage`, `population`, `location`) VALUES
(2, 1504571326, '17770848783', '17770848783', '康艺耀', '学生', 2, '200', '3', '研一'),
(3, 1504571377, '17770848788', '17770848788', '庄猛飞', '学生', 2, '300', '2', '研一'),
(4, 1504571409, '17770848786', '17770848786', 'amand', '学生', 2, '111', '11', '11'),
(5, 1504572200, '71511111111', '715', 'alex', '学生', 2, '111', '11', '研一'),
(6, 1504572631, '1951264', '999', 'alex', '学生', 3, '111', '11', '研一'),
(7, 1504572281, '17770095789', '8708', 'xin', '学生', 3, '111', '11', '研一'),
(8, 1504572631, '1957634', '1957634', 'alex', '学生', 2, '111', '11', '研一'),
(9, 1504572511, '14207', '111', 'alex', '学生', 3, '111', '11', '研一'),
(10, 1504572511, '12298', '111', 'alex', '学生', 3, '111', '11', '研一'),
(11, 1504572511, '13952', '111', 'alex', '学生', 3, '111', '11', '研一'),
(12, 1504572511, '10115', '111', 'alex', '学生', 3, '111', '11', '研一'),
(13, 1504572511, '9039', '111', 'alex', '学生', 3, '111', '11', '研一'),
(14, 1504572511, '5187', '111', 'alex', '学生', 3, '111', '11', '研一'),
(15, 1504572511, '10014', '111', 'alex', '学生', 3, '111', '11', '研一'),
(16, 1504572511, '7124', '111', 'alex', '学生', 3, '111', '11', '研一'),
(17, 1504572511, '4300', '111', 'alex', '学生', 3, '111', '11', '研一'),
(18, 1504572511, '4911', '111', 'alex', '学生', 3, '111', '11', '研一'),
(19, 1504572511, '11193', '111', 'alex', '学生', 3, '111', '11', '研一'),
(20, 1504572511, '1907', '1907', 'alex', '学生', 2, '111', '11', '研二'),
(21, 1504572511, '16866', '111', 'alex', '学生', 3, '111', '11', '研一'),
(22, 1504572511, '10846', '111', 'alex', '学生', 3, '111', '11', '研一'),
(23, 1504572511, '9365', '111', 'alex', '学生', 3, '111', '11', '研一'),
(24, 1504572511, '8838', '111', 'alex', '学生', 3, '111', '11', '研一'),
(25, 1504572511, '13611', '111', 'alex', '学生', 3, '111', '11', '研一'),
(26, 1504572511, '12367', '111', 'alex', '学生', 3, '111', '11', '研一'),
(27, 1504572511, '6403', '111', 'alex', '学生', 3, '111', '11', '研一'),
(28, 1504572511, '12292', '111', 'alex', '学生', 3, '111', '11', '研一'),
(29, 1504572511, '11412', '111', 'alex', '学生', 3, '111', '11', '研一'),
(30, 1504572511, '8849', '111', 'alex', '学生', 3, '111', '11', '研一'),
(31, 1504572511, '14184', '111', 'alex', '学生', 3, '111', '11', '研一'),
(32, 1504572511, '6645', '111', 'alex', '学生', 3, '111', '11', '研一'),
(33, 1504572511, '17142', '111', 'alex', '学生', 3, '111', '11', '研一'),
(34, 1504572511, '9667', '111', 'alex', '学生', 3, '111', '11', '研一'),
(35, 1504572511, '14582', '111', 'alex', '学生', 3, '111', '11', '研一'),
(36, 1504572511, '16272', '111', 'alex', '学生', 3, '111', '11', '研一'),
(37, 1504572511, '7676', '111', 'alex', '学生', 3, '111', '11', '研一'),
(38, 1504572511, '14195', '111', 'alex', '学生', 3, '111', '11', '研一'),
(39, 1504572511, '19472', '111', 'alex', '学生', 3, '111', '11', '研一'),
(40, 1504572511, '15547', '111', 'alex', '学生', 3, '111', '11', '研一'),
(41, 1504572511, '9891', '111', 'alex', '学生', 3, '111', '11', '研一'),
(42, 1504572511, '11810', '111', 'alex', '学生', 3, '111', '11', '研一'),
(43, 1504572511, '10729', '111', 'alex', '学生', 3, '111', '11', '研一'),
(44, 1504572511, '8845', '111', 'alex', '学生', 3, '111', '11', '研一'),
(45, 1504572511, '660', '111', 'alex', '学生', 3, '111', '11', '研一'),
(46, 1504572511, '1886', '111', 'alex', '学生', 3, '111', '11', '研一'),
(47, 1504572511, '229', '111', 'alex', '学生', 3, '111', '11', '研一'),
(48, 1504572511, '10542', '111', 'alex', '学生', 3, '111', '11', '研一'),
(49, 1504572511, '6858', '111', 'alex', '学生', 3, '111', '11', '研一'),
(50, 1504572511, '13797', '111', 'alex', '学生', 3, '111', '11', '研一'),
(51, 1504572511, '9845', '111', 'alex', '学生', 3, '111', '11', '研一'),
(52, 1504572511, '5012', '111', 'alex', '学生', 3, '111', '11', '研一'),
(53, 1504572511, '5362', '111', 'alex', '学生', 3, '111', '11', '研一'),
(54, 1504572511, '6920', '111', 'alex', '学生', 3, '111', '11', '研一'),
(55, 1504572511, '11454', '111', 'alex', '学生', 3, '111', '11', '研一'),
(56, 1504572511, '6631', '111', 'alex', '学生', 3, '111', '11', '研一'),
(57, 1504572511, '3045', '111', 'alex', '学生', 3, '111', '11', '研一'),
(58, 1504572511, '10629', '111', 'alex', '学生', 3, '111', '11', '研一'),
(59, 1504572511, '6930', '111', 'alex', '学生', 3, '111', '11', '研一'),
(60, 1504572511, '19773', '111', 'alex', '学生', 3, '111', '11', '研一'),
(61, 1504572511, '16783', '111', 'alex', '学生', 3, '111', '11', '研一'),
(62, 1504572511, '4298', '111', 'alex', '学生', 3, '111', '11', '研一'),
(63, 1504572511, '8149', '111', 'alex', '学生', 3, '111', '11', '研一'),
(64, 1504572511, '18813', '111', 'alex', '学生', 3, '111', '11', '研一'),
(65, 1504572511, '13450', '111', 'alex', '学生', 3, '111', '11', '研一'),
(66, 1504572511, '17303', '111', 'alex', '学生', 3, '111', '11', '研一'),
(67, 1504572511, '16984', '111', 'alex', '学生', 3, '111', '11', '研一'),
(68, 1504572511, '8127', '111', 'alex', '学生', 3, '111', '11', '研一'),
(69, 1504572511, '9922', '111', 'alex', '学生', 3, '111', '11', '研一'),
(70, 1504572511, '9020', '111', 'alex', '学生', 3, '111', '11', '研一'),
(71, 1504572511, '5312', '111', 'alex', '学生', 3, '111', '11', '研一'),
(72, 1504572511, '2090', '111', 'alex', '学生', 3, '111', '11', '研一'),
(73, 1504572511, '13074', '111', 'alex', '学生', 3, '111', '11', '研一'),
(74, 1504572511, '8822', '111', 'alex', '学生', 3, '111', '11', '研一'),
(75, 1504572511, '15007', '111', 'alex', '学生', 3, '111', '11', '研一'),
(76, 1504572511, '5076', '111', 'alex', '学生', 3, '111', '11', '研一'),
(77, 1504572511, '19781', '111', 'alex', '学生', 3, '111', '11', '研一'),
(78, 1504572511, '16085', '111', 'alex', '学生', 3, '111', '11', '研一'),
(79, 1504572511, '17944', '111', 'alex', '学生', 3, '111', '11', '研一'),
(80, 1504572511, '11460', '111', 'alex', '学生', 3, '111', '11', '研一'),
(81, 1504572511, '16917', '111', 'alex', '学生', 3, '111', '11', '研一'),
(82, 1504572511, '184', '111', 'alex', '学生', 3, '111', '11', '研一'),
(83, 1504572511, '15998', '111', 'alex', '学生', 3, '111', '11', '研一'),
(84, 1504572511, '5618', '111', 'alex', '学生', 3, '111', '11', '研一'),
(85, 1504572511, '1358', '111', 'alex', '学生', 3, '111', '11', '研一'),
(86, 1504572511, '494', '111', 'alex', '学生', 3, '111', '11', '研一'),
(87, 1504572511, '1044', '111', 'alex', '学生', 3, '111', '11', '研一'),
(88, 1504572511, '1924', '111', 'alex', '学生', 3, '111', '11', '研一'),
(89, 1504572511, '19979', '111', 'alex', '学生', 3, '111', '11', '研一'),
(90, 1504572511, '6390', '111', 'alex', '学生', 3, '111', '11', '研一'),
(91, 1504572511, '14958', '111', 'alex', '学生', 3, '111', '11', '研一'),
(92, 1504572511, '4753', '111', 'alex', '学生', 3, '111', '11', '研一'),
(93, 1504572511, '9654', '111', 'alex', '学生', 3, '111', '11', '研一'),
(94, 1504572511, '17247', '111', 'alex', '学生', 3, '111', '11', '研一'),
(95, 1504572511, '9614', '111', 'alex', '学生', 3, '111', '11', '研一'),
(96, 1504572511, '8481', '111', 'alex', '学生', 3, '111', '11', '研一'),
(97, 1504572511, '17259', '111', 'alex', '学生', 3, '111', '11', '研一'),
(98, 1504572511, '2440', '111', 'alex', '学生', 3, '111', '11', '研一'),
(99, 1504572511, '6886', '111', 'alex', '学生', 3, '111', '11', '研一'),
(100, 1504572511, '17483', '111', 'alex', '学生', 3, '111', '11', '研一'),
(101, 1504572511, '19668', '111', 'alex', '学生', 3, '111', '11', '研一'),
(102, 1504572511, '1344', '111', 'alex', '学生', 3, '111', '11', '研一'),
(103, 1504572511, '18652', '111', 'alex', '学生', 3, '111', '11', '研一'),
(104, 1504572511, '6133', '111', 'alex', '学生', 3, '111', '11', '研一'),
(105, 1504572511, '3758', '111', 'alex', '学生', 3, '111', '11', '研一'),
(106, 1504572511, '3334', '111', 'alex', '学生', 3, '111', '11', '研一'),
(107, 1504572511, '6784', '111', 'alex', '学生', 3, '111', '11', '研一'),
(108, 1504572511, '18806', '111', 'alex', '学生', 3, '111', '11', '研一'),
(109, 1504572511, '6402', '111', 'alex', '学生', 3, '111', '11', '研一'),
(110, 1504572511, '7784', '111', 'alex', '学生', 3, '111', '11', '研一'),
(111, 1504572511, '3158', '111', 'alex', '学生', 3, '111', '11', '研一'),
(112, 1504572511, '9878', '111', 'alex', '学生', 3, '111', '11', '研一'),
(113, 1504572511, '14476', '111', 'alex', '学生', 3, '111', '11', '研一'),
(114, 1504572511, '4071', '111', 'alex', '学生', 3, '111', '11', '研一'),
(115, 1504572511, '9650', '111', 'alex', '学生', 3, '111', '11', '研一'),
(116, 1504572511, '3723', '111', 'alex', '学生', 3, '111', '11', '研一'),
(117, 1504572511, '4854', '111', 'alex', '学生', 3, '111', '11', '研一'),
(118, 1504572511, '11568', '111', 'alex', '学生', 3, '111', '11', '研一'),
(119, 1504572511, '18134', '111', 'alex', '学生', 3, '111', '11', '研一'),
(120, 1504572511, '14717', '111', 'alex', '学生', 3, '111', '11', '研一'),
(121, 1504572511, '4412', '111', 'alex', '学生', 3, '111', '11', '研一'),
(122, 1504572511, '19652', '111', 'alex', '学生', 3, '111', '11', '研一'),
(123, 1504572511, '10485', '111', 'alex', '学生', 3, '111', '11', '研一'),
(124, 1504572511, '7234', '111', 'alex', '学生', 3, '111', '11', '研一'),
(125, 1504572511, '10025', '111', 'alex', '学生', 3, '111', '11', '研一'),
(126, 1504572511, '7696', '111', 'alex', '学生', 3, '111', '11', '研一'),
(127, 1504572511, '18578', '111', 'alex', '学生', 3, '111', '11', '研一'),
(128, 1504572511, '15649', '111', 'alex', '学生', 3, '111', '11', '研一'),
(129, 1504572511, '8567', '111', 'alex', '学生', 3, '111', '11', '研一'),
(130, 1504572511, '5077', '111', 'alex', '学生', 3, '111', '11', '研一'),
(131, 1504572511, '4289', '111', 'alex', '学生', 3, '111', '11', '研一'),
(132, 1504572511, '4338', '111', 'alex', '学生', 3, '111', '11', '研一'),
(133, 1504572511, '16915', '111', 'alex', '学生', 3, '111', '11', '研一'),
(134, 1504572511, '11168', '111', 'alex', '学生', 3, '111', '11', '研一'),
(135, 1504572511, '19491', '111', 'alex', '学生', 3, '111', '11', '研一'),
(136, 1504572631, '1945039', '999', 'alex', '学生', 3, '111', '11', '研一'),
(137, 1504572536, '8790', '2222', 'alex', '学生', 3, '111', '11', '研一'),
(138, 1504572536, '5543', '2222', 'alex', '学生', 3, '111', '11', '研一'),
(139, 1504572536, '6366', '2222', 'alex', '学生', 3, '111', '11', '研一'),
(140, 1504572536, '17051', '2222', 'alex', '学生', 3, '111', '11', '研一'),
(141, 1504572536, '3816', '2222', 'alex', '学生', 3, '111', '11', '研一'),
(142, 1504572536, '19720', '2222', 'alex', '学生', 3, '111', '11', '研一'),
(143, 1504572536, '2936', '2222', 'alex', '学生', 3, '111', '11', '研一'),
(144, 1504572536, '9412', '2222', 'alex', '学生', 3, '111', '11', '研一'),
(145, 1504572536, '12398', '2222', 'alex', '学生', 3, '111', '11', '研一'),
(146, 1504572536, '11359', '2222', 'alex', '学生', 3, '111', '11', '研一'),
(147, 1504572536, '2748', '2222', 'alex', '学生', 3, '111', '11', '研一'),
(148, 1504572536, '15171', '2222', 'alex', '学生', 3, '111', '11', '研一'),
(149, 1504572536, '1409', '2222', 'alex', '学生', 3, '111', '11', '研一'),
(150, 1504572536, '9833', '2222', 'alex', '学生', 3, '111', '11', '研一'),
(151, 1504572536, '7678', '2222', 'alex', '学生', 3, '111', '11', '研一'),
(152, 1504572536, '18704', '2222', 'alex', '学生', 3, '111', '11', '研一'),
(153, 1504572536, '7725', '2222', 'alex', '学生', 3, '111', '11', '研一'),
(154, 1504572536, '14518', '2222', 'alex', '学生', 3, '111', '11', '研一'),
(155, 1504572536, '9599', '2222', 'alex', '学生', 3, '111', '11', '研一'),
(156, 1504572536, '14385', '2222', 'alex', '学生', 3, '111', '11', '研一'),
(157, 1504572536, '18221', '2222', 'alex', '学生', 3, '111', '11', '研一'),
(158, 1504572536, '14789', '2222', 'alex', '学生', 3, '111', '11', '研一'),
(159, 1504572536, '10387', '2222', 'alex', '学生', 3, '111', '11', '研一'),
(160, 1504572536, '6589', '2222', 'alex', '学生', 3, '111', '11', '研一'),
(161, 1504572536, '9771', '2222', 'alex', '学生', 3, '111', '11', '研一'),
(162, 1504572536, '10021', '2222', 'alex', '学生', 3, '111', '11', '研一'),
(163, 1504572536, '1918', '2222', 'alex', '学生', 3, '111', '11', '研一'),
(164, 1504572536, '9692', '2222', 'alex', '学生', 3, '111', '11', '研一'),
(165, 1504572536, '9251', '2222', 'alex', '学生', 3, '111', '11', '研一'),
(166, 1504572536, '9589', '2222', 'alex', '学生', 3, '111', '11', '研一'),
(167, 1504572536, '6066', '2222', 'alex', '学生', 3, '111', '11', '研一'),
(168, 1504572536, '8069', '2222', 'alex', '学生', 3, '111', '11', '研一'),
(169, 1504572536, '13536', '2222', 'alex', '学生', 3, '111', '11', '研一'),
(170, 1504572536, '12867', '2222', 'alex', '学生', 3, '111', '11', '研一'),
(171, 1504572536, '14706', '2222', 'alex', '学生', 3, '111', '11', '研一'),
(172, 1504572536, '16094', '2222', 'alex', '学生', 3, '111', '11', '研一'),
(173, 1504572536, '9500', '2222', 'alex', '学生', 3, '111', '11', '研一'),
(174, 1504572536, '9232', '2222', 'alex', '学生', 3, '111', '11', '研一'),
(175, 1504572536, '9714', '2222', 'alex', '学生', 3, '111', '11', '研一'),
(176, 1504572536, '18142', '2222', 'alex', '学生', 3, '111', '11', '研一'),
(177, 1504572536, '14019', '2222', 'alex', '学生', 3, '111', '11', '研一'),
(178, 1504572536, '18058', '2222', 'alex', '学生', 3, '111', '11', '研一'),
(179, 1504572536, '2963', '2222', 'alex', '学生', 3, '111', '11', '研一'),
(180, 1504572536, '8589', '2222', 'alex', '学生', 3, '111', '11', '研一'),
(181, 1504572536, '13968', '2222', 'alex', '学生', 3, '111', '11', '研一'),
(182, 1504572536, '8719', '2222', 'alex', '学生', 3, '111', '11', '研一'),
(183, 1504572536, '16330', '2222', 'alex', '学生', 3, '111', '11', '研一'),
(184, 1504572536, '11809', '2222', 'alex', '学生', 3, '111', '11', '研一'),
(185, 1504572536, '6221', '2222', 'alex', '学生', 3, '111', '11', '研一'),
(186, 1504572536, '592', '2222', 'alex', '学生', 3, '111', '11', '研一'),
(187, 1504572536, '1689', '2222', 'alex', '学生', 3, '111', '11', '研一'),
(188, 1504572536, '2178', '2222', 'alex', '学生', 3, '111', '11', '研一'),
(189, 1504572536, '17654', '2222', 'alex', '学生', 3, '111', '11', '研一'),
(190, 1504572536, '3050', '2222', 'alex', '学生', 3, '111', '11', '研一'),
(191, 1504572536, '915', '2222', 'alex', '学生', 3, '111', '11', '研一'),
(192, 1504572536, '4070', '2222', 'alex', '学生', 3, '111', '11', '研一'),
(193, 1504572536, '5142', '2222', 'alex', '学生', 3, '111', '11', '研一'),
(194, 1504572536, '15470', '2222', 'alex', '学生', 3, '111', '11', '研一'),
(195, 1504572536, '5883', '2222', 'alex', '学生', 3, '111', '11', '研一'),
(196, 1504572536, '11860', '2222', 'alex', '学生', 3, '111', '11', '研一'),
(197, 1504572536, '15560', '2222', 'alex', '学生', 3, '111', '11', '研一'),
(198, 1504572536, '7225', '2222', 'alex', '学生', 3, '111', '11', '研一'),
(199, 1504572536, '18469', '2222', 'alex', '学生', 3, '111', '11', '研一'),
(200, 1504572536, '9924', '2222', 'alex', '学生', 3, '111', '11', '研一'),
(201, 1504572536, '5782', '2222', 'alex', '学生', 3, '111', '11', '研一'),
(202, 1504572536, '17692', '2222', 'alex', '学生', 3, '111', '11', '研一'),
(203, 1504572536, '10546', '2222', 'alex', '学生', 3, '111', '11', '研一'),
(204, 1504572536, '12637', '2222', 'alex', '学生', 3, '111', '11', '研一'),
(205, 1504572536, '2684', '2222', 'alex', '学生', 3, '111', '11', '研一'),
(206, 1504572536, '16244', '2222', 'alex', '学生', 3, '111', '11', '研一'),
(207, 1504572536, '3991', '2222', 'alex', '学生', 3, '111', '11', '研一'),
(208, 1504572536, '4372', '2222', 'alex', '学生', 3, '111', '11', '研一'),
(209, 1504572536, '3140', '2222', 'alex', '学生', 3, '111', '11', '研一'),
(210, 1504572536, '2257', '2222', 'alex', '学生', 3, '111', '11', '研一'),
(211, 1504572536, '10678', '2222', 'alex', '学生', 3, '111', '11', '研一'),
(212, 1504572536, '19507', '2222', 'alex', '学生', 3, '111', '11', '研一'),
(213, 1504572536, '14026', '2222', 'alex', '学生', 3, '111', '11', '研一'),
(214, 1504572536, '5106', '2222', 'alex', '学生', 3, '111', '11', '研一'),
(215, 1504572536, '12482', '2222', 'alex', '学生', 3, '111', '11', '研一'),
(216, 1504572536, '2414', '2222', 'alex', '学生', 3, '111', '11', '研一'),
(217, 1504572536, '12217', '2222', 'alex', '学生', 3, '111', '11', '研一'),
(218, 1504572536, '4166', '2222', 'alex', '学生', 3, '111', '11', '研一'),
(219, 1504572536, '1279', '2222', 'alex', '学生', 3, '111', '11', '研一'),
(220, 1504572536, '7471', '2222', 'alex', '学生', 3, '111', '11', '研一'),
(221, 1504572536, '4588', '2222', 'alex', '学生', 3, '111', '11', '研一'),
(222, 1504572536, '8812', '2222', 'alex', '学生', 3, '111', '11', '研一'),
(223, 1504572536, '18942', '2222', 'alex', '学生', 3, '111', '11', '研一'),
(224, 1504572536, '19050', '2222', 'alex', '学生', 3, '111', '11', '研一'),
(225, 1504572536, '8013', '2222', 'alex', '学生', 3, '111', '11', '研一'),
(226, 1504572536, '18419', '2222', 'alex', '学生', 3, '111', '11', '研一'),
(227, 1504572536, '17348', '2222', 'alex', '学生', 3, '111', '11', '研一'),
(228, 1504572536, '11528', '2222', 'alex', '学生', 3, '111', '11', '研一'),
(229, 1504572536, '9368', '2222', 'alex', '学生', 3, '111', '11', '研一'),
(230, 1504572536, '2362', '2222', 'alex', '学生', 3, '111', '11', '研一'),
(231, 1504572536, '18371', '2222', 'alex', '学生', 3, '111', '11', '研一'),
(232, 1504572536, '9280', '2222', 'alex', '学生', 3, '111', '11', '研一'),
(233, 1504572536, '5528', '2222', 'alex', '学生', 3, '111', '11', '研一'),
(234, 1504572536, '16', '2222', 'alex', '学生', 3, '111', '11', '研一'),
(235, 1504572536, '13886', '2222', 'alex', '学生', 3, '111', '11', '研一'),
(236, 1504572536, '6680', '2222', 'alex', '学生', 3, '111', '11', '研一'),
(237, 1504572536, '3367', '2222', 'alex', '学生', 3, '111', '11', '研一'),
(238, 1504572536, '756', '2222', 'alex', '学生', 3, '111', '11', '研一'),
(239, 1504572536, '5768', '2222', 'alex', '学生', 3, '111', '11', '研一'),
(240, 1504572536, '8103', '2222', 'alex', '学生', 3, '111', '11', '研一'),
(241, 1504572536, '19761', '2222', 'alex', '学生', 3, '111', '11', '研一'),
(242, 1504572536, '3956', '2222', 'alex', '学生', 3, '111', '11', '研一'),
(243, 1504572536, '5893', '2222', 'alex', '学生', 3, '111', '11', '研一'),
(244, 1504572536, '7925', '2222', 'alex', '学生', 3, '111', '11', '研一'),
(245, 1504572536, '1585', '2222', 'alex', '学生', 3, '111', '11', '研一'),
(246, 1504572536, '18993', '2222', 'alex', '学生', 3, '111', '11', '研一'),
(247, 1504572536, '16135', '2222', 'alex', '学生', 3, '111', '11', '研一'),
(248, 1504572536, '10520', '2222', 'alex', '学生', 3, '111', '11', '研一'),
(249, 1504572536, '5713', '2222', 'alex', '学生', 3, '111', '11', '研一'),
(250, 1504572536, '5240', '2222', 'alex', '学生', 3, '111', '11', '研一'),
(251, 1504572536, '8368', '2222', 'alex', '学生', 3, '111', '11', '研一'),
(252, 1504572536, '10264', '2222', 'alex', '学生', 3, '111', '11', '研一'),
(253, 1504572536, '19021', '2222', 'alex', '学生', 3, '111', '11', '研一'),
(254, 1504572536, '12074', '2222', 'alex', '学生', 3, '111', '11', '研一'),
(255, 1504572536, '4469', '2222', 'alex', '学生', 3, '111', '11', '研一'),
(256, 1504572536, '11531', '2222', 'alex', '学生', 3, '111', '11', '研一'),
(257, 1504572536, '18384', '2222', 'alex', '学生', 3, '111', '11', '研一'),
(258, 1504572536, '18868', '2222', 'alex', '学生', 3, '111', '11', '研一'),
(259, 1504572536, '16313', '2222', 'alex', '学生', 3, '111', '11', '研一'),
(260, 1504572536, '8696', '2222', 'alex', '学生', 3, '111', '11', '研一'),
(261, 1504572536, '10677', '2222', 'alex', '学生', 3, '111', '11', '研一'),
(262, 1504572536, '14999', '2222', 'alex', '学生', 3, '111', '11', '研一'),
(263, 1504572536, '5773', '2222', 'alex', '学生', 3, '111', '11', '研一'),
(264, 1504572536, '6135', '2222', 'alex', '学生', 3, '111', '11', '研一'),
(265, 1504572536, '12774', '2222', 'alex', '学生', 3, '111', '11', '研一'),
(266, 1504572536, '19840', '2222', 'alex', '学生', 3, '111', '11', '研一'),
(267, 1504572536, '4726', '2222', 'alex', '学生', 3, '111', '11', '研一'),
(268, 1504572536, '18223', '2222', 'alex', '学生', 3, '111', '11', '研一'),
(269, 1504572536, '11551', '2222', 'alex', '学生', 3, '111', '11', '研一'),
(270, 1504572536, '2767', '2222', 'alex', '学生', 3, '111', '11', '研一'),
(271, 1504572536, '15046', '2222', 'alex', '学生', 3, '111', '11', '研一'),
(272, 1504572536, '9333', '2222', 'alex', '学生', 3, '111', '11', '研一'),
(273, 1504572536, '3882', '2222', 'alex', '学生', 3, '111', '11', '研一'),
(274, 1504572536, '3155', '2222', 'alex', '学生', 3, '111', '11', '研一'),
(275, 1504572536, '8608', '2222', 'alex', '学生', 3, '111', '11', '研一'),
(276, 1504572536, '13843', '2222', 'alex', '学生', 3, '111', '11', '研一'),
(277, 1504572536, '16644', '2222', 'alex', '学生', 3, '111', '11', '研一'),
(278, 1504572536, '10380', '2222', 'alex', '学生', 3, '111', '11', '研一'),
(279, 1504572536, '7287', '2222', 'alex', '学生', 3, '111', '11', '研一'),
(280, 1504572536, '16125', '2222', 'alex', '学生', 3, '111', '11', '研一'),
(281, 1504572536, '6709', '2222', 'alex', '学生', 3, '111', '11', '研一'),
(282, 1504572536, '3815', '2222', 'alex', '学生', 3, '111', '11', '研一'),
(283, 1504572536, '2958', '2222', 'alex', '学生', 3, '111', '11', '研一'),
(284, 1504572536, '10557', '2222', 'alex', '学生', 3, '111', '11', '研一'),
(285, 1504572536, '955', '2222', 'alex', '学生', 3, '111', '11', '研一'),
(286, 1504572536, '12836', '2222', 'alex', '学生', 3, '111', '11', '研一'),
(287, 1504572536, '17497', '2222', 'alex', '学生', 3, '111', '11', '研一'),
(288, 1504572536, '1511', '2222', 'alex', '学生', 3, '111', '11', '研一'),
(289, 1504572536, '16255', '2222', 'alex', '学生', 3, '111', '11', '研一'),
(290, 1504572536, '16818', '2222', 'alex', '学生', 3, '111', '11', '研一'),
(291, 1504572536, '2778', '2222', 'alex', '学生', 3, '111', '11', '研一'),
(292, 1504572536, '3364', '2222', 'alex', '学生', 3, '111', '11', '研一'),
(293, 1504572536, '19485', '2222', 'alex', '学生', 3, '111', '11', '研一'),
(294, 1504572536, '5135', '2222', 'alex', '学生', 3, '111', '11', '研一'),
(295, 1504572536, '676', '2222', 'alex', '学生', 3, '111', '11', '研一'),
(296, 1504572536, '491', '2222', 'alex', '学生', 3, '111', '11', '研一'),
(297, 1504572536, '7520', '2222', 'alex', '学生', 3, '111', '11', '研一'),
(298, 1504572536, '17164', '2222', 'alex', '学生', 3, '111', '11', '研一'),
(299, 1504572536, '3066', '2222', 'alex', '学生', 3, '111', '11', '研一'),
(300, 1504572536, '7266', '2222', 'alex', '学生', 3, '111', '11', '研一'),
(301, 1504572631, '1935767', '999', 'alex', '学生', 3, '111', '11', '研一'),
(302, 1504572558, '1941', '555', 'alex', '学生', 3, '111', '11', '研一'),
(303, 1504572558, '15345', '555', 'alex', '学生', 3, '111', '11', '研一'),
(304, 1504572558, '6061', '555', 'alex', '学生', 3, '111', '11', '研一'),
(305, 1504572558, '10037', '555', 'alex', '学生', 3, '111', '11', '研一'),
(306, 1504572558, '523', '555', 'alex', '学生', 3, '111', '11', '研一'),
(307, 1504572631, '1935541', '999', 'alex', '学生', 3, '111', '11', '研一'),
(308, 1504572564, '15873', '888', 'alex', '学生', 3, '111', '11', '研一'),
(309, 1504572564, '5796', '888', 'alex', '学生', 3, '111', '11', '研一'),
(310, 1504572564, '19534', '888', 'alex', '学生', 3, '111', '11', '研一'),
(311, 1504572564, '5458', '888', 'alex', '学生', 3, '111', '11', '研一'),
(312, 1504572564, '10803', '888', 'alex', '学生', 3, '111', '11', '研一'),
(313, 1504572564, '19329', '888', 'alex', '学生', 3, '111', '11', '研一'),
(314, 1504572564, '15850', '888', 'alex', '学生', 3, '111', '11', '研一'),
(315, 1504572564, '143', '888', 'alex', '学生', 3, '111', '11', '研一'),
(316, 1504572564, '2724', '888', 'alex', '学生', 3, '111', '11', '研一'),
(317, 1504572564, '5010', '888', 'alex', '学生', 3, '111', '11', '研一'),
(318, 1504572564, '16346', '888', 'alex', '学生', 3, '111', '11', '研一'),
(319, 1504572564, '10414', '888', 'alex', '学生', 3, '111', '11', '研一'),
(320, 1504572564, '13512', '888', 'alex', '学生', 3, '111', '11', '研一'),
(321, 1504572564, '7214', '888', 'alex', '学生', 3, '111', '11', '研一'),
(322, 1504572564, '17896', '888', 'alex', '学生', 3, '111', '11', '研一'),
(323, 1504572564, '15646', '888', 'alex', '学生', 3, '111', '11', '研一'),
(324, 1504572564, '15043', '888', 'alex', '学生', 3, '111', '11', '研一'),
(325, 1504572564, '317', '888', 'alex', '学生', 3, '111', '11', '研一'),
(326, 1504572564, '7376', '888', 'alex', '学生', 3, '111', '11', '研一'),
(327, 1504572564, '5214', '888', 'alex', '学生', 3, '111', '11', '研一'),
(328, 1504572564, '9191', '888', 'alex', '学生', 3, '111', '11', '研一'),
(329, 1504572564, '8694', '888', 'alex', '学生', 3, '111', '11', '研一'),
(330, 1504572564, '1661', '888', 'alex', '学生', 3, '111', '11', '研一'),
(331, 1504572564, '18492', '888', 'alex', '学生', 3, '111', '11', '研一'),
(332, 1504572564, '7831', '888', 'alex', '学生', 3, '111', '11', '研一'),
(333, 1504572564, '6719', '888', 'alex', '学生', 3, '111', '11', '研一'),
(334, 1504572564, '7625', '888', 'alex', '学生', 3, '111', '11', '研一'),
(335, 1504572564, '4857', '888', 'alex', '学生', 3, '111', '11', '研一'),
(336, 1504572564, '12839', '888', 'alex', '学生', 3, '111', '11', '研一'),
(337, 1504572564, '18767', '888', 'alex', '学生', 3, '111', '11', '研一'),
(338, 1504572564, '2144', '888', 'alex', '学生', 3, '111', '11', '研一'),
(339, 1504572564, '3683', '888', 'alex', '学生', 3, '111', '11', '研一'),
(340, 1504572564, '16088', '888', 'alex', '学生', 3, '111', '11', '研一'),
(341, 1504572564, '19214', '888', 'alex', '学生', 3, '111', '11', '研一'),
(342, 1504572564, '12093', '888', 'alex', '学生', 3, '111', '11', '研一'),
(343, 1504572564, '4344', '888', 'alex', '学生', 3, '111', '11', '研一'),
(344, 1504572564, '19455', '888', 'alex', '学生', 3, '111', '11', '研一'),
(345, 1504572564, '12434', '888', 'alex', '学生', 3, '111', '11', '研一'),
(346, 1504572564, '14346', '888', 'alex', '学生', 3, '111', '11', '研一'),
(347, 1504572564, '6217', '888', 'alex', '学生', 3, '111', '11', '研一'),
(348, 1504572564, '14814', '888', 'alex', '学生', 3, '111', '11', '研一'),
(349, 1504572564, '12803', '888', 'alex', '学生', 3, '111', '11', '研一'),
(350, 1504572564, '15779', '888', 'alex', '学生', 3, '111', '11', '研一'),
(351, 1504572564, '18675', '888', 'alex', '学生', 3, '111', '11', '研一'),
(352, 1504572564, '4040', '888', 'alex', '学生', 3, '111', '11', '研一'),
(353, 1504572564, '4695', '888', 'alex', '学生', 3, '111', '11', '研一'),
(354, 1504572564, '13267', '888', 'alex', '学生', 3, '111', '11', '研一'),
(355, 1504572564, '1095', '888', 'alex', '学生', 3, '111', '11', '研一'),
(356, 1504572564, '19008', '888', 'alex', '学生', 3, '111', '11', '研一'),
(357, 1504572564, '2485', '888', 'alex', '学生', 3, '111', '11', '研一'),
(358, 1504572564, '13685', '888', 'alex', '学生', 3, '111', '11', '研一'),
(359, 1504572564, '2850', '888', 'alex', '学生', 3, '111', '11', '研一'),
(360, 1504572564, '1594', '888', 'alex', '学生', 3, '111', '11', '研一'),
(361, 1504572564, '10549', '888', 'alex', '学生', 3, '111', '11', '研一'),
(362, 1504572564, '13907', '888', 'alex', '学生', 3, '111', '11', '研一'),
(363, 1504572564, '3317', '888', 'alex', '学生', 3, '111', '11', '研一'),
(364, 1504572564, '3671', '888', 'alex', '学生', 3, '111', '11', '研一'),
(365, 1504572564, '3262', '888', 'alex', '学生', 3, '111', '11', '研一'),
(366, 1504572564, '809', '888', 'alex', '学生', 3, '111', '11', '研一'),
(367, 1504572564, '11869', '888', 'alex', '学生', 3, '111', '11', '研一'),
(368, 1504572564, '7116', '888', 'alex', '学生', 3, '111', '11', '研一'),
(369, 1504572564, '4997', '888', 'alex', '学生', 3, '111', '11', '研一'),
(370, 1504572564, '11265', '888', 'alex', '学生', 3, '111', '11', '研一'),
(371, 1504572564, '7882', '888', 'alex', '学生', 3, '111', '11', '研一'),
(372, 1504572564, '3803', '888', 'alex', '学生', 3, '111', '11', '研一'),
(373, 1504572564, '10132', '888', 'alex', '学生', 3, '111', '11', '研一'),
(374, 1504572564, '12151', '888', 'alex', '学生', 3, '111', '11', '研一'),
(375, 1504572564, '731', '888', 'alex', '学生', 3, '111', '11', '研一'),
(376, 1504572564, '15607', '888', 'alex', '学生', 3, '111', '11', '研一'),
(377, 1504572564, '3039', '888', 'alex', '学生', 3, '111', '11', '研一'),
(378, 1504572564, '342', '888', 'alex', '学生', 3, '111', '11', '研一'),
(379, 1504572564, '9791', '888', 'alex', '学生', 3, '111', '11', '研一'),
(380, 1504572564, '14404', '888', 'alex', '学生', 3, '111', '11', '研一'),
(381, 1504572564, '18096', '888', 'alex', '学生', 3, '111', '11', '研一'),
(382, 1504572564, '2713', '888', 'alex', '学生', 3, '111', '11', '研一'),
(383, 1504572564, '4437', '888', 'alex', '学生', 3, '111', '11', '研一'),
(384, 1504572564, '2067', '888', 'alex', '学生', 3, '111', '11', '研一'),
(385, 1504572564, '19675', '888', 'alex', '学生', 3, '111', '11', '研一'),
(386, 1504572564, '16138', '888', 'alex', '学生', 3, '111', '11', '研一'),
(387, 1504572564, '4044', '888', 'alex', '学生', 3, '111', '11', '研一'),
(388, 1504572564, '10473', '888', 'alex', '学生', 3, '111', '11', '研一'),
(389, 1504572564, '2153', '888', 'alex', '学生', 3, '111', '11', '研一'),
(390, 1504572564, '7493', '888', 'alex', '学生', 3, '111', '11', '研一'),
(391, 1504572564, '17987', '888', 'alex', '学生', 3, '111', '11', '研一'),
(392, 1504572564, '1496', '888', 'alex', '学生', 3, '111', '11', '研一'),
(393, 1504572564, '9905', '888', 'alex', '学生', 3, '111', '11', '研一'),
(394, 1504572564, '13653', '888', 'alex', '学生', 3, '111', '11', '研一'),
(395, 1504572564, '5641', '888', 'alex', '学生', 3, '111', '11', '研一'),
(396, 1504572564, '7011', '888', 'alex', '学生', 3, '111', '11', '研一'),
(397, 1504572564, '17305', '888', 'alex', '学生', 3, '111', '11', '研一'),
(398, 1504572564, '1492', '888', 'alex', '学生', 3, '111', '11', '研一'),
(399, 1504572564, '16381', '888', 'alex', '学生', 3, '111', '11', '研一'),
(400, 1504572564, '8893', '888', 'alex', '学生', 3, '111', '11', '研一'),
(401, 1504572564, '8728', '888', 'alex', '学生', 3, '111', '11', '研一'),
(402, 1504572564, '7886', '888', 'alex', '学生', 3, '111', '11', '研一'),
(403, 1504572564, '9581', '888', 'alex', '学生', 3, '111', '11', '研一'),
(404, 1504572564, '19018', '888', 'alex', '学生', 3, '111', '11', '研一'),
(405, 1504572564, '18550', '888', 'alex', '学生', 3, '111', '11', '研一'),
(406, 1504572564, '19710', '888', 'alex', '学生', 3, '111', '11', '研一'),
(407, 1504572564, '14618', '888', 'alex', '学生', 3, '111', '11', '研一'),
(408, 1504572564, '19260', '888', 'alex', '学生', 3, '111', '11', '研一'),
(409, 1504572564, '11145', '888', 'alex', '学生', 3, '111', '11', '研一'),
(410, 1504572564, '13838', '888', 'alex', '学生', 3, '111', '11', '研一'),
(411, 1504572564, '10865', '888', 'alex', '学生', 3, '111', '11', '研一'),
(412, 1504572564, '1493', '888', 'alex', '学生', 3, '111', '11', '研一'),
(413, 1504572564, '889', '888', 'alex', '学生', 3, '111', '11', '研一'),
(414, 1504572564, '17146', '888', 'alex', '学生', 3, '111', '11', '研一'),
(415, 1504572564, '7699', '888', 'alex', '学生', 3, '111', '11', '研一'),
(416, 1504572564, '7594', '888', 'alex', '学生', 3, '111', '11', '研一'),
(417, 1504572564, '12156', '888', 'alex', '学生', 3, '111', '11', '研一'),
(418, 1504572564, '6509', '888', 'alex', '学生', 3, '111', '11', '研一'),
(419, 1504572564, '4493', '888', 'alex', '学生', 3, '111', '11', '研一'),
(420, 1504572564, '9438', '888', 'alex', '学生', 3, '111', '11', '研一'),
(421, 1504572564, '19321', '888', 'alex', '学生', 3, '111', '11', '研一'),
(422, 1504572564, '8802', '888', 'alex', '学生', 3, '111', '11', '研一'),
(423, 1504572564, '10624', '888', 'alex', '学生', 3, '111', '11', '研一'),
(424, 1504572564, '8898', '888', 'alex', '学生', 3, '111', '11', '研一'),
(425, 1504572564, '6760', '888', 'alex', '学生', 3, '111', '11', '研一'),
(426, 1504572564, '899', '888', 'alex', '学生', 3, '111', '11', '研一'),
(427, 1504572564, '5465', '888', 'alex', '学生', 3, '111', '11', '研一'),
(428, 1504572564, '17851', '888', 'alex', '学生', 3, '111', '11', '研一'),
(429, 1504572564, '8848', '888', 'alex', '学生', 3, '111', '11', '研一'),
(430, 1504572564, '9676', '888', 'alex', '学生', 3, '111', '11', '研一'),
(431, 1504572564, '18392', '888', 'alex', '学生', 3, '111', '11', '研一'),
(432, 1504572564, '18171', '888', 'alex', '学生', 3, '111', '11', '研一'),
(433, 1504572564, '9958', '888', 'alex', '学生', 3, '111', '11', '研一'),
(434, 1504572564, '12007', '888', 'alex', '学生', 3, '111', '11', '研一'),
(435, 1504572564, '8780', '888', 'alex', '学生', 3, '111', '11', '研一'),
(436, 1504572564, '1733', '888', 'alex', '学生', 3, '111', '11', '研一'),
(437, 1504572564, '4468', '888', 'alex', '学生', 3, '111', '11', '研一'),
(438, 1504572564, '14769', '888', 'alex', '学生', 3, '111', '11', '研一'),
(439, 1504572564, '6005', '888', 'alex', '学生', 3, '111', '11', '研一'),
(440, 1504572564, '10412', '888', 'alex', '学生', 3, '111', '11', '研一'),
(441, 1504572564, '16750', '888', 'alex', '学生', 3, '111', '11', '研一'),
(442, 1504572564, '14834', '888', 'alex', '学生', 3, '111', '11', '研一'),
(443, 1504572564, '9440', '888', 'alex', '学生', 3, '111', '11', '研一'),
(444, 1504572564, '16083', '888', 'alex', '学生', 3, '111', '11', '研一'),
(445, 1504572564, '1182', '888', 'alex', '学生', 3, '111', '11', '研一'),
(446, 1504572564, '19080', '888', 'alex', '学生', 3, '111', '11', '研一'),
(447, 1504572564, '8461', '888', 'alex', '学生', 3, '111', '11', '研一'),
(448, 1504572564, '622', '888', 'alex', '学生', 3, '111', '11', '研一'),
(449, 1504572564, '2136', '888', 'alex', '学生', 3, '111', '11', '研一'),
(450, 1504572564, '4380', '888', 'alex', '学生', 3, '111', '11', '研一'),
(451, 1504572564, '2443', '888', 'alex', '学生', 3, '111', '11', '研一'),
(452, 1504572564, '15903', '888', 'alex', '学生', 3, '111', '11', '研一'),
(453, 1504572564, '13989', '888', 'alex', '学生', 3, '111', '11', '研一'),
(454, 1504572564, '17610', '888', 'alex', '学生', 3, '111', '11', '研一'),
(455, 1504572564, '760', '888', 'alex', '学生', 3, '111', '11', '研一'),
(456, 1504572564, '3801', '888', 'alex', '学生', 3, '111', '11', '研一'),
(457, 1504572564, '1116', '888', 'alex', '学生', 3, '111', '11', '研一'),
(458, 1504572564, '15645', '888', 'alex', '学生', 3, '111', '11', '研一'),
(459, 1504572564, '2789', '888', 'alex', '学生', 3, '111', '11', '研一'),
(460, 1504572564, '16191', '888', 'alex', '学生', 3, '111', '11', '研一'),
(461, 1504572564, '17891', '888', 'alex', '学生', 3, '111', '11', '研一'),
(462, 1504572564, '5359', '888', 'alex', '学生', 3, '111', '11', '研一'),
(463, 1504572564, '17904', '888', 'alex', '学生', 3, '111', '11', '研一'),
(464, 1504572564, '14948', '888', 'alex', '学生', 3, '111', '11', '研一'),
(465, 1504572564, '8689', '888', 'alex', '学生', 3, '111', '11', '研一'),
(466, 1504572564, '3628', '888', 'alex', '学生', 3, '111', '11', '研一'),
(467, 1504572564, '5480', '888', 'alex', '学生', 3, '111', '11', '研一'),
(468, 1504572564, '11948', '888', 'alex', '学生', 3, '111', '11', '研一'),
(469, 1504572631, '1917557', '999', 'alex', '学生', 3, '111', '11', '研一'),
(470, 1504572631, '16868', '999', 'alex', '学生', 3, '111', '11', '研一'),
(471, 1504572631, '34398', '999', 'alex', '学生', 3, '111', '11', '研一'),
(472, 1504572631, '49881', '999', 'alex', '学生', 3, '111', '11', '研一'),
(473, 1504572631, '53099', '999', 'alex', '学生', 3, '111', '11', '研一'),
(474, 1504572631, '71618', '999', 'alex', '学生', 3, '111', '11', '研一'),
(475, 1504572631, '86373', '999', 'alex', '学生', 3, '111', '11', '研一'),
(476, 1504572631, '90535', '999', 'alex', '学生', 3, '111', '11', '研一'),
(477, 1504572631, '106035', '999', 'alex', '学生', 3, '111', '11', '研一'),
(478, 1504572631, '124619', '999', 'alex', '学生', 3, '111', '11', '研一'),
(479, 1504572631, '142809', '999', 'alex', '学生', 3, '111', '11', '研一'),
(480, 1504572631, '152642', '999', 'alex', '学生', 3, '111', '11', '研一'),
(481, 1504572631, '172574', '999', 'alex', '学生', 3, '111', '11', '研一'),
(482, 1504572631, '175404', '999', 'alex', '学生', 3, '111', '11', '研一'),
(483, 1504572631, '192615', '999', 'alex', '学生', 3, '111', '11', '研一'),
(484, 1504572631, '206987', '999', 'alex', '学生', 3, '111', '11', '研一'),
(485, 1504572631, '207873', '999', 'alex', '学生', 3, '111', '11', '研一'),
(486, 1504572631, '216003', '999', 'alex', '学生', 3, '111', '11', '研一'),
(487, 1504572631, '227196', '999', 'alex', '学生', 3, '111', '11', '研一'),
(488, 1504572631, '236849', '999', 'alex', '学生', 3, '111', '11', '研一'),
(489, 1504572631, '249588', '999', 'alex', '学生', 3, '111', '11', '研一'),
(490, 1504572631, '250948', '999', 'alex', '学生', 3, '111', '11', '研一'),
(491, 1504572631, '260458', '999', 'alex', '学生', 3, '111', '11', '研一'),
(492, 1504572631, '278009', '999', 'alex', '学生', 3, '111', '11', '研一'),
(493, 1504572631, '297875', '999', 'alex', '学生', 3, '111', '11', '研一'),
(494, 1504572631, '317270', '999', 'alex', '学生', 3, '111', '11', '研一'),
(495, 1504572631, '328809', '999', 'alex', '学生', 3, '111', '11', '研一'),
(496, 1504572631, '338750', '999', 'alex', '学生', 3, '111', '11', '研一'),
(497, 1504572631, '355391', '999', 'alex', '学生', 3, '111', '11', '研一'),
(498, 1504572631, '364500', '999', 'alex', '学生', 3, '111', '11', '研一'),
(499, 1504572631, '371154', '999', 'alex', '学生', 3, '111', '11', '研一'),
(500, 1504572631, '379852', '999', 'alex', '学生', 3, '111', '11', '研一'),
(501, 1504572631, '387291', '999', 'alex', '学生', 3, '111', '11', '研一'),
(502, 1504572631, '394669', '999', 'alex', '学生', 3, '111', '11', '研一'),
(503, 1504572631, '408899', '999', 'alex', '学生', 3, '111', '11', '研一'),
(504, 1504572631, '414597', '999', 'alex', '学生', 3, '111', '11', '研一'),
(505, 1504572631, '421233', '999', 'alex', '学生', 3, '111', '11', '研一'),
(506, 1504572631, '422310', '999', 'alex', '学生', 3, '111', '11', '研一'),
(507, 1504572631, '425951', '999', 'alex', '学生', 3, '111', '11', '研一'),
(508, 1504572631, '428765', '999', 'alex', '学生', 3, '111', '11', '研一'),
(509, 1504572631, '447371', '999', 'alex', '学生', 3, '111', '11', '研一'),
(510, 1504572631, '454452', '999', 'alex', '学生', 3, '111', '11', '研一'),
(511, 1504572631, '468716', '999', 'alex', '学生', 3, '111', '11', '研一'),
(512, 1504572631, '480639', '999', 'alex', '学生', 3, '111', '11', '研一'),
(513, 1504572631, '498363', '999', 'alex', '学生', 3, '111', '11', '研一'),
(514, 1504572631, '510627', '999', 'alex', '学生', 3, '111', '11', '研一'),
(515, 1504572631, '526099', '999', 'alex', '学生', 3, '111', '11', '研一'),
(516, 1504572631, '540998', '999', 'alex', '学生', 3, '111', '11', '研一'),
(517, 1504572631, '549365', '999', 'alex', '学生', 3, '111', '11', '研一'),
(518, 1504572631, '562866', '999', 'alex', '学生', 3, '111', '11', '研一'),
(519, 1504572631, '569508', '999', 'alex', '学生', 3, '111', '11', '研一'),
(520, 1504572631, '573125', '999', 'alex', '学生', 3, '111', '11', '研一'),
(521, 1504572631, '578032', '999', 'alex', '学生', 3, '111', '11', '研一'),
(522, 1504572631, '595701', '999', 'alex', '学生', 3, '111', '11', '研一'),
(523, 1504572631, '612848', '999', 'alex', '学生', 3, '111', '11', '研一'),
(524, 1504572631, '632801', '999', 'alex', '学生', 3, '111', '11', '研一'),
(525, 1504572631, '644522', '999', 'alex', '学生', 3, '111', '11', '研一'),
(526, 1504572631, '646163', '999', 'alex', '学生', 3, '111', '11', '研一'),
(527, 1504572631, '652526', '999', 'alex', '学生', 3, '111', '11', '研一'),
(528, 1504572631, '668307', '999', 'alex', '学生', 3, '111', '11', '研一'),
(529, 1504572631, '671490', '999', 'alex', '学生', 3, '111', '11', '研一'),
(530, 1504572631, '683783', '999', 'alex', '学生', 3, '111', '11', '研一'),
(531, 1504572631, '687449', '999', 'alex', '学生', 3, '111', '11', '研一'),
(532, 1504572631, '700424', '999', 'alex', '学生', 3, '111', '11', '研一'),
(533, 1504572631, '704093', '999', 'alex', '学生', 3, '111', '11', '研一'),
(534, 1504572631, '710593', '999', 'alex', '学生', 3, '111', '11', '研一'),
(535, 1504572631, '719022', '999', 'alex', '学生', 3, '111', '11', '研一'),
(536, 1504572631, '722434', '999', 'alex', '学生', 3, '111', '11', '研一'),
(537, 1504572631, '729988', '999', 'alex', '学生', 3, '111', '11', '研一'),
(538, 1504572631, '741124', '999', 'alex', '学生', 3, '111', '11', '研一'),
(539, 1504572631, '751152', '999', 'alex', '学生', 3, '111', '11', '研一'),
(540, 1504572631, '760119', '999', 'alex', '学生', 3, '111', '11', '研一'),
(541, 1504572631, '779330', '999', 'alex', '学生', 3, '111', '11', '研一'),
(542, 1504572631, '782407', '999', 'alex', '学生', 3, '111', '11', '研一'),
(543, 1504572631, '790245', '999', 'alex', '学生', 3, '111', '11', '研一'),
(544, 1504572631, '791758', '999', 'alex', '学生', 3, '111', '11', '研一'),
(545, 1504572631, '804775', '999', 'alex', '学生', 3, '111', '11', '研一'),
(546, 1504572631, '813972', '999', 'alex', '学生', 3, '111', '11', '研一'),
(547, 1504572631, '825206', '999', 'alex', '学生', 3, '111', '11', '研一'),
(548, 1504572631, '828133', '999', 'alex', '学生', 3, '111', '11', '研一'),
(549, 1504572631, '841480', '999', 'alex', '学生', 3, '111', '11', '研一'),
(550, 1504572631, '847853', '999', 'alex', '学生', 3, '111', '11', '研一'),
(551, 1504572631, '867444', '999', 'alex', '学生', 3, '111', '11', '研一'),
(552, 1504572631, '872526', '999', 'alex', '学生', 3, '111', '11', '研一'),
(553, 1504572631, '887101', '999', 'alex', '学生', 3, '111', '11', '研一'),
(554, 1504572631, '888579', '999', 'alex', '学生', 3, '111', '11', '研一'),
(555, 1504572631, '890863', '999', 'alex', '学生', 3, '111', '11', '研一'),
(556, 1504572631, '900718', '999', 'alex', '学生', 3, '111', '11', '研一'),
(557, 1504572631, '901795', '999', 'alex', '学生', 3, '111', '11', '研一'),
(558, 1504572631, '913182', '999', 'alex', '学生', 3, '111', '11', '研一'),
(559, 1504572631, '931870', '999', 'alex', '学生', 3, '111', '11', '研一'),
(560, 1504572631, '940990', '999', 'alex', '学生', 3, '111', '11', '研一'),
(561, 1504572631, '948216', '999', 'alex', '学生', 3, '111', '11', '研一'),
(562, 1504572631, '951193', '999', 'alex', '学生', 3, '111', '11', '研一'),
(563, 1504572631, '969370', '999', 'alex', '学生', 3, '111', '11', '研一'),
(564, 1504572631, '974123', '999', 'alex', '学生', 3, '111', '11', '研一'),
(565, 1504572631, '991523', '999', 'alex', '学生', 3, '111', '11', '研一'),
(566, 1504572631, '1004644', '999', 'alex', '学生', 3, '111', '11', '研一'),
(567, 1504572631, '1004772', '999', 'alex', '学生', 3, '111', '11', '研一'),
(568, 1504572631, '1013399', '999', 'alex', '学生', 3, '111', '11', '研一'),
(569, 1504572631, '1019371', '999', 'alex', '学生', 3, '111', '11', '研一'),
(570, 1504572631, '1028065', '999', 'alex', '学生', 3, '111', '11', '研一'),
(571, 1504572631, '1041980', '999', 'alex', '学生', 3, '111', '11', '研一'),
(572, 1504572631, '1044599', '999', 'alex', '学生', 3, '111', '11', '研一'),
(573, 1504572631, '1061916', '999', 'alex', '学生', 3, '111', '11', '研一'),
(574, 1504572631, '1068489', '999', 'alex', '学生', 3, '111', '11', '研一'),
(575, 1504572631, '1087401', '999', 'alex', '学生', 3, '111', '11', '研一'),
(576, 1504572631, '1106004', '999', 'alex', '学生', 3, '111', '11', '研一'),
(577, 1504572631, '1111814', '999', 'alex', '学生', 3, '111', '11', '研一'),
(578, 1504572631, '1125445', '999', 'alex', '学生', 3, '111', '11', '研一'),
(579, 1504572631, '1129941', '999', 'alex', '学生', 3, '111', '11', '研一'),
(580, 1504572631, '1148395', '999', 'alex', '学生', 3, '111', '11', '研一'),
(581, 1504572631, '1164223', '999', 'alex', '学生', 3, '111', '11', '研一'),
(582, 1504572631, '1170967', '999', 'alex', '学生', 3, '111', '11', '研一'),
(583, 1504572631, '1181007', '999', 'alex', '学生', 3, '111', '11', '研一'),
(584, 1504572631, '1195054', '999', 'alex', '学生', 3, '111', '11', '研一'),
(585, 1504572631, '1196797', '999', 'alex', '学生', 3, '111', '11', '研一'),
(586, 1504572631, '1209583', '999', 'alex', '学生', 3, '111', '11', '研一'),
(587, 1504572631, '1214504', '999', 'alex', '学生', 3, '111', '11', '研一'),
(588, 1504572631, '1221762', '999', 'alex', '学生', 3, '111', '11', '研一'),
(589, 1504572631, '1229694', '999', 'alex', '学生', 3, '111', '11', '研一'),
(590, 1504572631, '1238327', '999', 'alex', '学生', 3, '111', '11', '研一'),
(591, 1504572631, '1246839', '999', 'alex', '学生', 3, '111', '11', '研一'),
(592, 1504572631, '1256799', '999', 'alex', '学生', 3, '111', '11', '研一'),
(593, 1504572631, '1265568', '999', 'alex', '学生', 3, '111', '11', '研一'),
(594, 1504572631, '1266728', '999', 'alex', '学生', 3, '111', '11', '研一'),
(595, 1504572631, '1276917', '999', 'alex', '学生', 3, '111', '11', '研一'),
(596, 1504572631, '1280947', '999', 'alex', '学生', 3, '111', '11', '研一'),
(597, 1504572631, '1289577', '999', 'alex', '学生', 3, '111', '11', '研一'),
(598, 1504572631, '1296819', '999', 'alex', '学生', 3, '111', '11', '研一'),
(599, 1504572631, '1306146', '999', 'alex', '学生', 3, '111', '11', '研一'),
(600, 1504572631, '1307488', '999', 'alex', '学生', 3, '111', '11', '研一'),
(601, 1504572631, '1309378', '999', 'alex', '学生', 3, '111', '11', '研一'),
(602, 1504572631, '1323131', '999', 'alex', '学生', 3, '111', '11', '研一'),
(603, 1504572631, '1338432', '999', 'alex', '学生', 3, '111', '11', '研一'),
(604, 1504572631, '1342203', '999', 'alex', '学生', 3, '111', '11', '研一'),
(605, 1504572631, '1355125', '999', 'alex', '学生', 3, '111', '11', '研一'),
(606, 1504572631, '1372694', '999', 'alex', '学生', 3, '111', '11', '研一'),
(607, 1504572631, '1380180', '999', 'alex', '学生', 3, '111', '11', '研一'),
(608, 1504572631, '1383373', '999', 'alex', '学生', 3, '111', '11', '研一'),
(609, 1504572631, '1399476', '999', 'alex', '学生', 3, '111', '11', '研一'),
(611, 1504572631, '1420297', '999', 'alex', '学生', 3, '111', '11', '研一'),
(612, 1504572631, '1421778', '999', 'alex', '学生', 3, '111', '11', '研一'),
(613, 1504572631, '1437586', '999', 'alex', '学生', 3, '111', '11', '研一'),
(614, 1504572631, '1452201', '999', 'alex', '学生', 3, '111', '11', '研一'),
(615, 1504572631, '1470190', '999', 'alex', '学生', 3, '111', '11', '研一'),
(616, 1504572631, '1480702', '999', 'alex', '学生', 3, '111', '11', '研一'),
(617, 1504572631, '1487113', '999', 'alex', '学生', 3, '111', '11', '研一'),
(618, 1504572631, '1498708', '999', 'alex', '学生', 3, '111', '11', '研一'),
(619, 1504572631, '1503765', '999', 'alex', '学生', 3, '111', '11', '研一'),
(620, 1504572631, '1515925', '999', 'alex', '学生', 3, '111', '11', '研一'),
(621, 1504572631, '1528212', '999', 'alex', '学生', 3, '111', '11', '研一'),
(622, 1504572631, '1541591', '999', 'alex', '学生', 3, '111', '11', '研一'),
(623, 1504572631, '1557427', '999', 'alex', '学生', 3, '111', '11', '研一'),
(624, 1504572631, '1575727', '999', 'alex', '学生', 3, '111', '11', '研一'),
(625, 1504572631, '1583539', '999', 'alex', '学生', 3, '111', '11', '研一'),
(626, 1504572631, '1590383', '999', 'alex', '学生', 3, '111', '11', '研一'),
(627, 1504572631, '1610084', '999', 'alex', '学生', 3, '111', '11', '研一'),
(628, 1504572631, '1620891', '999', 'alex', '学生', 3, '111', '11', '研一'),
(629, 1504572631, '1638252', '999', 'alex', '学生', 3, '111', '11', '研一'),
(630, 1504572631, '1647115', '999', 'alex', '学生', 3, '111', '11', '研一'),
(631, 1504572631, '1663142', '999', 'alex', '学生', 3, '111', '11', '研一'),
(632, 1504572631, '1664699', '999', 'alex', '学生', 3, '111', '11', '研一'),
(633, 1504572631, '1680007', '999', 'alex', '学生', 3, '111', '11', '研一'),
(634, 1504572631, '1686319', '999', 'alex', '学生', 3, '111', '11', '研一'),
(635, 1504572631, '1700507', '999', 'alex', '学生', 3, '111', '11', '研一'),
(636, 1504572631, '1712931', '999', 'alex', '学生', 3, '111', '11', '研一'),
(637, 1504572631, '1718959', '999', 'alex', '学生', 3, '111', '11', '研一'),
(638, 1504572631, '1735024', '999', 'alex', '学生', 3, '111', '11', '研一'),
(639, 1504572631, '1748585', '999', 'alex', '学生', 3, '111', '11', '研一'),
(640, 1504572631, '1763867', '999', 'alex', '学生', 3, '111', '11', '研一'),
(641, 1504572631, '1767763', '999', 'alex', '学生', 3, '111', '11', '研一'),
(642, 1504572631, '1772761', '999', 'alex', '学生', 3, '111', '11', '研一'),
(643, 1504572631, '1776280', '999', 'alex', '学生', 3, '111', '11', '研一'),
(644, 1504572631, '1788289', '999', 'alex', '学生', 3, '111', '11', '研一'),
(645, 1504572631, '1801577', '999', 'alex', '学生', 3, '111', '11', '研一'),
(646, 1504572631, '1811563', '999', 'alex', '学生', 3, '111', '11', '研一'),
(647, 1504572631, '1815002', '999', 'alex', '学生', 3, '111', '11', '研一'),
(648, 1504572631, '1829479', '999', 'alex', '学生', 3, '111', '11', '研一'),
(649, 1504572631, '1838058', '999', 'alex', '学生', 3, '111', '11', '研一'),
(650, 1504572631, '1855961', '999', 'alex', '学生', 3, '111', '11', '研一'),
(651, 1504572631, '1858655', '999', 'alex', '学生', 3, '111', '11', '研一'),
(652, 1504572631, '1863217', '999', 'alex', '学生', 3, '111', '11', '研一'),
(653, 1504572631, '1877360', '999', 'alex', '学生', 3, '111', '11', '研一'),
(654, 1504572631, '1882986', '999', 'alex', '学生', 3, '111', '11', '研一'),
(655, 1504572631, '1883646', '999', 'alex', '学生', 3, '111', '11', '研一'),
(656, 1504572631, '1897786', '999', 'alex', '学生', 3, '111', '11', '研一'),
(657, 1504572631, '1902141', '999', 'alex', '学生', 3, '111', '11', '研一'),
(658, 1504572631, '1902168', '999', 'alex', '学生', 3, '111', '11', '研一'),
(659, 1504572631, '1908881', '999', 'alex', '学生', 3, '111', '11', '研一'),
(660, 1504572631, '1913966', '999', 'alex', '学生', 3, '111', '11', '研一'),
(661, 1504613345, '17770848777', '123456', 'wang', '学生', 2, '120', '3', '研一'),
(662, 1505099218, '1777084', '123456', '111', '111', 2, '1111', '11', '11'),
(663, 1505099303, '18970033502', '123456', 'aa', 'aa', 2, 'aa', 'aa', 'aa'),
(664, 1505105251, '15979084073', '6655', '6556', '', 2, '', '', ' 计划考核合格'),
(665, 1505105292, '15979084444', '15979084444', '111', '', 2, '', '', '股公益广告'),
(666, 1505105412, 'bootstrap', '654321', 'bootstrap', '', 2, '', '', ''),
(667, 1505124747, '15797679717', '123456', 'yiyao', '111', 2, '111', '11', '11'),
(668, 1505265929, '156487', '123456', 'aaa', 'aaa', 2, 'aa', 'aa', 'aa');

--
-- Indexes for dumped tables
--

--
-- Indexes for table `prp_charge`
--
ALTER TABLE `prp_charge`
  ADD PRIMARY KEY (`chargeid`),
  ADD KEY `ownerid` (`ownerid`);

--
-- Indexes for table `prp_gender`
--
ALTER TABLE `prp_gender`
  ADD PRIMARY KEY (`genderid`);

--
-- Indexes for table `prp_manager`
--
ALTER TABLE `prp_manager`
  ADD PRIMARY KEY (`managerid`);

--
-- Indexes for table `prp_owner`
--
ALTER TABLE `prp_owner`
  ADD PRIMARY KEY (`ownerid`),
  ADD UNIQUE KEY `telnum` (`telnum`) USING BTREE;

--
-- 在导出的表使用AUTO_INCREMENT
--

--
-- 使用表AUTO_INCREMENT `prp_charge`
--
ALTER TABLE `prp_charge`
  MODIFY `chargeid` bigint(20) NOT NULL AUTO_INCREMENT, AUTO_INCREMENT=1844;
--
-- 使用表AUTO_INCREMENT `prp_gender`
--
ALTER TABLE `prp_gender`
  MODIFY `genderid` bigint(20) NOT NULL AUTO_INCREMENT, AUTO_INCREMENT=4;
--
-- 使用表AUTO_INCREMENT `prp_manager`
--
ALTER TABLE `prp_manager`
  MODIFY `managerid` int(11) NOT NULL AUTO_INCREMENT, AUTO_INCREMENT=2;
--
-- 使用表AUTO_INCREMENT `prp_owner`
--
ALTER TABLE `prp_owner`
  MODIFY `ownerid` bigint(20) NOT NULL AUTO_INCREMENT, AUTO_INCREMENT=669;
--
-- 限制导出的表
--

--
-- 限制表 `prp_charge`
--
ALTER TABLE `prp_charge`
  ADD CONSTRAINT `prp_charge_ibfk_1` FOREIGN KEY (`ownerid`) REFERENCES `prp_owner` (`ownerid`) ON DELETE CASCADE;
COMMIT;

/*!40101 SET CHARACTER_SET_CLIENT=@OLD_CHARACTER_SET_CLIENT */;
/*!40101 SET CHARACTER_SET_RESULTS=@OLD_CHARACTER_SET_RESULTS */;
/*!40101 SET COLLATION_CONNECTION=@OLD_COLLATION_CONNECTION */;
